image_file,label,area,num_corners,corner_ratio
0.png,1,26.776785714285715,91,0.40625
1.png,1,16.174107142857142,95,0.42410714285714285
10.png,1,18.544642857142858,38,0.16964285714285715
100.png,1,9.366071428571429,37,0.16517857142857142
1000.png,1,12.892857142857142,92,0.4107142857142857
1001.png,1,10.575892857142858,81,0.36160714285714285
1002.png,1,12.888392857142858,26,0.11607142857142858
1003.png,1,0.0,0,0.0
1004.png,1,1.3303571428571428,18,0.08035714285714286
1005.png,1,8.06,92,0.13142857142857142
1006.png,1,19.584821428571427,69,0.3080357142857143
1007.png,1,19.34375,88,0.39285714285714285
1008.png,1,8.06,92,0.13142857142857142
1009.png,1,8.06,92,0.13142857142857142
101.png,1,10.178571428571429,64,0.2857142857142857
1010.png,1,17.53125,95,0.42410714285714285
1011.png,1,5.915178571428571,50,0.22321428571428573
1012.png,1,8.06,92,0.13142857142857142
1013.png,1,3.9330357142857144,36,0.16071428571428573
1014.png,1,8.06,92,0.13142857142857142
1015.png,1,9.78125,26,0.11607142857142858
1016.png,1,13.0625,42,0.1875
1017.png,1,44.75,190,0.8482142857142857
1018.png,1,30.129464285714285,115,0.5133928571428571
1019.png,1,1.8571428571428572,62,0.2767857142857143
102.png,1,13.357142857142858,119,0.53125
1020.png,1,5.709821428571429,39,0.17410714285714285
1021.png,1,7.901785714285714,69,0.3080357142857143
1022.png,1,8.06,92,0.13142857142857142
1023.png,1,25.714285714285715,86,0.38392857142857145
1024.png,1,11.40625,100,0.44642857142857145
1025.png,1,5.575892857142857,15,0.06696428571428571
1026.png,1,24.848214285714285,97,0.4330357142857143
1027.png,1,8.06,92,0.13142857142857142
1028.png,1,41.526785714285715,319,1.4241071428571428
1029.png,1,30.928571428571427,166,0.7410714285714286
103.png,1,24.647321428571427,105,0.46875
1030.png,1,6.330357142857143,30,0.13392857142857142
1031.png,1,8.06,92,0.13142857142857142
1032.png,1,27.861607142857142,95,0.42410714285714285
1033.png,1,2.75,23,0.10267857142857142
1034.png,1,12.946428571428571,38,0.16964285714285715
1035.png,1,15.866071428571429,65,0.29017857142857145
1036.png,1,35.325892857142854,102,0.45535714285714285
1037.png,1,2.638392857142857,67,0.29910714285714285
1038.png,1,3.9330357142857144,36,0.16071428571428573
1039.png,1,55.901785714285715,62,0.2767857142857143
104.png,1,27.616071428571427,102,0.45535714285714285
1040.png,1,26.955357142857142,117,0.5223214285714286
1041.png,1,35.620535714285715,200,0.8928571428571429
1042.png,1,8.06,92,0.13142857142857142
1043.png,1,15.53125,59,0.26339285714285715
1044.png,1,0.42410714285714285,29,0.12946428571428573
1045.png,1,21.549107142857142,70,0.3125
1046.png,1,37.64732142857143,121,0.5401785714285714
1047.png,1,15.651785714285714,37,0.16517857142857142
1048.png,1,27.013392857142858,188,0.8392857142857143
1049.png,1,8.06,92,0.13142857142857142
105.png,1,41.361607142857146,201,0.8973214285714286
1050.png,1,17.669642857142858,110,0.49107142857142855
1051.png,1,23.236607142857142,168,0.75
1052.png,1,8.06,92,0.13142857142857142
1053.png,1,16.174107142857142,95,0.42410714285714285
1054.png,1,10.745535714285714,70,0.3125
1055.png,1,0.0,0,0.0
1056.png,1,30.022321428571427,160,0.7142857142857143
1057.png,1,29.334821428571427,110,0.49107142857142855
1058.png,1,13.450892857142858,47,0.20982142857142858
1059.png,1,2.75,23,0.10267857142857142
106.png,1,37.964285714285715,211,0.9419642857142857
1060.png,1,20.107142857142858,62,0.2767857142857143
1061.png,1,24.848214285714285,86,0.38392857142857145
1062.png,1,8.727678571428571,47,0.20982142857142858
1063.png,1,17.415178571428573,70,0.3125
1064.png,1,11.78125,41,0.18303571428571427
1065.png,1,15.491071428571429,67,0.29910714285714285
1066.png,1,17.004464285714285,99,0.4419642857142857
1067.png,1,8.06,92,0.13142857142857142
1068.png,1,36.808035714285715,125,0.5580357142857143
1069.png,1,8.06,92,0.13142857142857142
107.png,1,22.651785714285715,109,0.48660714285714285
1070.png,1,5.433035714285714,25,0.11160714285714286
1071.png,1,25.258928571428573,92,0.4107142857142857
1072.png,1,5.361607142857143,15,0.06696428571428571
1073.png,1,6.620535714285714,22,0.09821428571428571
1074.png,1,8.06,92,0.13142857142857142
1075.png,1,8.06,92,0.13142857142857142
1076.png,1,16.357142857142858,43,0.19196428571428573
1077.png,1,2.6026785714285716,53,0.23660714285714285
1078.png,1,2.9776785714285716,69,0.3080357142857143
1079.png,1,1.7455357142857142,19,0.08482142857142858
108.png,1,8.598214285714286,74,0.33035714285714285
1080.png,1,8.06,92,0.13142857142857142
1081.png,1,8.06,92,0.13142857142857142
1082.png,1,16.683035714285715,126,0.5625
1083.png,1,0.6026785714285714,12,0.05357142857142857
1084.png,1,11.200892857142858,123,0.5491071428571429
1085.png,1,12.107142857142858,125,0.5580357142857143
1086.png,1,24.066964285714285,97,0.4330357142857143
1087.png,1,19.879464285714285,49,0.21875
1088.png,1,9.138392857142858,63,0.28125
1089.png,1,2.6026785714285716,53,0.23660714285714285
109.png,1,37.84375,258,1.1517857142857142
1090.png,1,16.75,106,0.4732142857142857
1091.png,1,7.535714285714286,34,0.15178571428571427
1092.png,1,25.727678571428573,111,0.4955357142857143
1093.png,1,1.1383928571428572,28,0.125
1094.png,1,15.558035714285714,88,0.39285714285714285
1095.png,1,8.06,92,0.13142857142857142
1096.png,1,16.544642857142858,86,0.38392857142857145
1097.png,1,8.06,92,0.13142857142857142
1098.png,1,20.080357142857142,53,0.23660714285714285
1099.png,1,30.339285714285715,178,0.7946428571428571
11.png,1,4.946428571428571,16,0.07142857142857142
110.png,1,9.383928571428571,37,0.16517857142857142
1100.png,1,43.72767857142857,319,1.4241071428571428
1101.png,1,17.53125,95,0.42410714285714285
1102.png,1,22.142857142857142,77,0.34375
1103.png,1,8.991071428571429,62,0.2767857142857143
1104.png,1,9.089285714285714,40,0.17857142857142858
1105.png,1,12.272321428571429,30,0.13392857142857142
1106.png,1,33.95982142857143,224,1.0
1107.png,1,0.0,0,0.0
1108.png,1,24.120535714285715,90,0.4017857142857143
1109.png,1,7.651785714285714,68,0.30357142857142855
111.png,1,1.1785714285714286,29,0.12946428571428573
1110.png,1,18.325892857142858,203,0.90625
1111.png,1,26.607142857142858,49,0.21875
1112.png,1,11.955357142857142,73,0.32589285714285715
1113.png,1,0.0,0,0.0
1114.png,1,17.5,97,0.4330357142857143
1115.png,1,13.616071428571429,93,0.41517857142857145
1116.png,1,34.0,180,0.8035714285714286
1117.png,1,35.254464285714285,170,0.7589285714285714
1118.png,1,24.316964285714285,118,0.5267857142857143
1119.png,1,14.477678571428571,75,0.33482142857142855
112.png,1,16.040178571428573,82,0.36607142857142855
1120.png,1,2.482142857142857,21,0.09375
1121.png,1,5.183035714285714,82,0.36607142857142855
1122.png,1,44.848214285714285,216,0.9642857142857143
1123.png,1,14.700892857142858,68,0.30357142857142855
1124.png,1,8.06,92,0.13142857142857142
1125.png,1,8.4375,31,0.13839285714285715
1126.png,1,8.06,92,0.13142857142857142
1127.png,1,15.513392857142858,108,0.48214285714285715
1128.png,1,8.06,92,0.13142857142857142
1129.png,1,8.772321428571429,124,0.5535714285714286
113.png,1,18.352678571428573,95,0.42410714285714285
1130.png,1,8.06,92,0.13142857142857142
1131.png,1,39.308035714285715,195,0.8705357142857143
1132.png,1,8.910714285714286,104,0.4642857142857143
1133.png,1,4.821428571428571,34,0.15178571428571427
1134.png,1,9.366071428571429,46,0.20535714285714285
1135.png,1,4.553571428571429,51,0.22767857142857142
1136.png,1,8.06,92,0.13142857142857142
1137.png,1,5.357142857142857,79,0.35267857142857145
1138.png,1,0.0,0,0.0
1139.png,1,12.897321428571429,99,0.4419642857142857
114.png,1,22.558035714285715,105,0.46875
1140.png,1,31.21875,160,0.7142857142857143
1141.png,1,0.10714285714285714,12,0.05357142857142857
1142.png,1,15.535714285714286,54,0.24107142857142858
1143.png,1,24.647321428571427,105,0.46875
1144.png,1,14.299107142857142,75,0.33482142857142855
1145.png,1,8.892857142857142,26,0.11607142857142858
1146.png,1,29.017857142857142,166,0.7410714285714286
1147.png,1,17.415178571428573,70,0.3125
1148.png,1,8.06,92,0.13142857142857142
1149.png,1,9.383928571428571,37,0.16517857142857142
115.png,1,18.120535714285715,63,0.28125
1150.png,1,33.67857142857143,81,0.36160714285714285
1151.png,1,2.6875,28,0.125
1152.png,1,14.977678571428571,67,0.29910714285714285
1153.png,1,8.06,92,0.13142857142857142
1154.png,1,8.06,92,0.13142857142857142
1155.png,1,28.53125,41,0.18303571428571427
1156.png,1,3.0044642857142856,35,0.15625
1157.png,1,20.15625,127,0.5669642857142857
1158.png,1,16.133928571428573,90,0.4017857142857143
1159.png,1,7.901785714285714,69,0.3080357142857143
116.png,1,8.06,92,0.13142857142857142
1160.png,1,7.21875,40,0.17857142857142858
1161.png,1,27.0625,82,0.36607142857142855
1162.png,1,33.71875,96,0.42857142857142855
1163.png,1,8.129464285714286,32,0.14285714285714285
1164.png,1,34.05357142857143,152,0.6785714285714286
1165.png,1,8.129464285714286,32,0.14285714285714285
1166.png,1,14.959821428571429,78,0.3482142857142857
1167.png,1,8.06,92,0.13142857142857142
1168.png,1,31.848214285714285,100,0.44642857142857145
1169.png,1,41.401785714285715,168,0.75
117.png,1,0.5892857142857143,38,0.16964285714285715
1170.png,1,8.06,92,0.13142857142857142
1171.png,1,9.111607142857142,20,0.08928571428571429
1172.png,1,8.06,92,0.13142857142857142
1173.png,1,33.07142857142857,193,0.8616071428571429
1174.png,1,32.50892857142857,78,0.3482142857142857
1175.png,1,3.7901785714285716,31,0.13839285714285715
1176.png,1,23.370535714285715,84,0.375
1177.png,1,26.290178571428573,95,0.42410714285714285
1178.png,1,9.004464285714286,65,0.29017857142857145
1179.png,1,27.584821428571427,63,0.28125
118.png,1,13.15625,78,0.3482142857142857
1180.png,1,19.785714285714285,51,0.22767857142857142
1181.png,1,8.06,92,0.13142857142857142
1182.png,1,12.205357142857142,40,0.17857142857142858
1183.png,1,8.06,92,0.13142857142857142
1184.png,1,58.61607142857143,207,0.9241071428571429
1185.png,1,36.683035714285715,141,0.6294642857142857
1186.png,1,30.674107142857142,145,0.6473214285714286
1187.png,1,1.1205357142857142,24,0.10714285714285714
1188.png,1,8.06,92,0.13142857142857142
1189.png,1,9.004464285714286,65,0.29017857142857145
119.png,1,1.9285714285714286,5,0.022321428571428572
1190.png,1,47.54017857142857,183,0.8169642857142857
1191.png,1,2.5223214285714284,52,0.23214285714285715
1192.png,1,9.611607142857142,68,0.30357142857142855
1193.png,1,29.736607142857142,129,0.5758928571428571
1194.png,1,8.06,92,0.13142857142857142
1195.png,1,21.375,257,1.1473214285714286
1196.png,1,12.357142857142858,50,0.22321428571428573
1197.png,1,41.3125,192,0.8571428571428571
1198.png,1,26.133928571428573,154,0.6875
1199.png,1,0.10714285714285714,12,0.05357142857142857
12.png,1,6.919642857142857,24,0.10714285714285714
120.png,1,37.933035714285715,216,0.9642857142857143
1200.png,1,3.549107142857143,50,0.22321428571428573
1201.png,1,7.651785714285714,68,0.30357142857142855
1202.png,1,1.1205357142857142,24,0.10714285714285714
1203.png,1,1.1205357142857142,24,0.10714285714285714
1204.png,1,17.245535714285715,86,0.38392857142857145
1205.png,1,8.06,92,0.13142857142857142
1206.png,1,16.535714285714285,121,0.5401785714285714
1207.png,1,2.107142857142857,60,0.26785714285714285
1208.png,1,8.06,92,0.13142857142857142
1209.png,1,22.558035714285715,105,0.46875
121.png,1,16.174107142857142,95,0.42410714285714285
1210.png,1,8.06,92,0.13142857142857142
1211.png,1,9.160714285714286,61,0.27232142857142855
1212.png,1,8.06,92,0.13142857142857142
1213.png,1,8.06,92,0.13142857142857142
1214.png,1,41.901785714285715,306,1.3660714285714286
1215.png,1,13.607142857142858,57,0.2544642857142857
1216.png,1,24.232142857142858,83,0.3705357142857143
1217.png,1,31.96875,151,0.6741071428571429
1218.png,1,15.620535714285714,58,0.25892857142857145
1219.png,1,16.96875,41,0.18303571428571427
122.png,1,8.06,92,0.13142857142857142
1220.png,1,4.65625,35,0.15625
1221.png,1,18.428571428571427,203,0.90625
1222.png,1,11.830357142857142,52,0.23214285714285715
1223.png,1,8.06,92,0.13142857142857142
1224.png,1,20.59375,65,0.29017857142857145
1225.png,1,33.924107142857146,159,0.7098214285714286
1226.png,1,13.861607142857142,101,0.45089285714285715
1227.png,1,8.06,92,0.13142857142857142
1228.png,1,5.616071428571429,17,0.07589285714285714
1229.png,1,14.700892857142858,68,0.30357142857142855
123.png,1,5.915178571428571,11,0.049107142857142856
1230.png,1,23.272321428571427,82,0.36607142857142855
1231.png,1,33.214285714285715,142,0.6339285714285714
1232.png,1,11.4375,78,0.3482142857142857
1233.png,1,24.09375,110,0.49107142857142855
1234.png,1,35.5,133,0.59375
1235.png,1,25.004464285714285,102,0.45535714285714285
1236.png,1,8.330357142857142,41,0.18303571428571427
1237.png,1,24.59375,110,0.49107142857142855
1238.png,1,25.736607142857142,51,0.22767857142857142
1239.png,1,8.06,92,0.13142857142857142
124.png,1,5.575892857142857,15,0.06696428571428571
1240.png,1,8.06,92,0.13142857142857142
1241.png,1,14.03125,66,0.29464285714285715
1242.png,1,8.06,92,0.13142857142857142
1243.png,1,31.602678571428573,120,0.5357142857142857
1244.png,1,30.830357142857142,123,0.5491071428571429
1245.png,1,8.06,92,0.13142857142857142
1246.png,1,0.45535714285714285,15,0.06696428571428571
1247.png,1,30.120535714285715,129,0.5758928571428571
1248.png,1,6.236607142857143,60,0.26785714285714285
1249.png,1,14.379464285714286,84,0.375
125.png,1,12.272321428571429,30,0.13392857142857142
1250.png,1,26.267857142857142,171,0.7633928571428571
1251.png,1,2.325892857142857,42,0.1875
1252.png,1,1.8794642857142858,23,0.10267857142857142
1253.png,1,8.06,92,0.13142857142857142
1254.png,1,15.78125,36,0.16071428571428573
1255.png,1,8.06,92,0.13142857142857142
1256.png,1,21.486607142857142,175,0.78125
1257.png,1,7.491071428571429,33,0.14732142857142858
1258.png,1,0.0,0,0.0
1259.png,1,11.441964285714286,77,0.34375
126.png,1,21.473214285714285,128,0.5714285714285714
1260.png,1,8.06,92,0.13142857142857142
1261.png,1,17.415178571428573,70,0.3125
1262.png,1,8.06,92,0.13142857142857142
1263.png,1,2.8660714285714284,33,0.14732142857142858
1264.png,1,28.620535714285715,180,0.8035714285714286
1265.png,1,13.65625,55,0.24553571428571427
1266.png,1,25.178571428571427,104,0.4642857142857143
1267.png,1,0.38839285714285715,23,0.10267857142857142
1268.png,1,41.35267857142857,189,0.84375
1269.png,1,50.995535714285715,265,1.1830357142857142
127.png,1,16.236607142857142,110,0.49107142857142855
1270.png,1,15.200892857142858,90,0.4017857142857143
1271.png,1,33.99107142857143,114,0.5089285714285714
1272.png,1,17.196428571428573,106,0.4732142857142857
1273.png,1,12.272321428571429,90,0.4017857142857143
1274.png,1,8.06,92,0.13142857142857142
1275.png,1,14.254464285714286,84,0.375
1276.png,1,8.919642857142858,91,0.40625
1277.png,1,33.46875,87,0.38839285714285715
1278.png,1,7.598214285714286,95,0.42410714285714285
1279.png,1,41.0625,123,0.5491071428571429
128.png,1,6.90625,77,0.34375
1280.png,1,10.683035714285714,60,0.26785714285714285
1281.png,1,10.745535714285714,118,0.5267857142857143
1282.png,1,18.982142857142858,122,0.5446428571428571
1283.png,1,8.06,92,0.13142857142857142
1284.png,1,8.964285714285714,26,0.11607142857142858
1285.png,1,0.0,0,0.0
1286.png,1,17.638392857142858,80,0.35714285714285715
1287.png,1,13.017857142857142,64,0.2857142857142857
1288.png,1,28.111607142857142,223,0.9955357142857143
1289.png,1,8.06,92,0.13142857142857142
129.png,1,18.491071428571427,29,0.12946428571428573
1290.png,1,8.200892857142858,60,0.26785714285714285
1291.png,1,41.53125,146,0.6517857142857143
1292.png,1,8.06,92,0.13142857142857142
1293.png,1,8.06,92,0.13142857142857142
1294.png,1,17.84375,97,0.4330357142857143
1295.png,1,13.535714285714286,41,0.18303571428571427
1296.png,1,19.357142857142858,152,0.6785714285714286
1297.png,1,8.06,92,0.13142857142857142
1298.png,1,9.383928571428571,37,0.16517857142857142
1299.png,1,8.06,92,0.13142857142857142
13.png,1,5.245535714285714,56,0.25
130.png,1,30.808035714285715,194,0.8660714285714286
1300.png,1,8.06,92,0.13142857142857142
1301.png,1,11.995535714285714,75,0.33482142857142855
1302.png,1,4.90625,42,0.1875
1303.png,1,14.647321428571429,60,0.26785714285714285
1304.png,1,36.049107142857146,207,0.9241071428571429
1305.png,1,8.06,92,0.13142857142857142
1306.png,1,48.160714285714285,172,0.7678571428571429
1307.png,1,50.995535714285715,265,1.1830357142857142
1308.png,1,18.982142857142858,122,0.5446428571428571
1309.png,1,17.575892857142858,83,0.3705357142857143
131.png,1,31.241071428571427,114,0.5089285714285714
1310.png,1,12.90625,70,0.3125
1311.png,1,1.15625,29,0.12946428571428573
1312.png,1,43.11607142857143,187,0.8348214285714286
1313.png,1,17.196428571428573,92,0.4107142857142857
1314.png,1,19.879464285714285,49,0.21875
1315.png,1,11.401785714285714,76,0.3392857142857143
1316.png,1,28.107142857142858,107,0.47767857142857145
1317.png,1,10.959821428571429,79,0.35267857142857145
1318.png,1,35.94642857142857,167,0.7455357142857143
1319.png,1,40.638392857142854,164,0.7321428571428571
132.png,1,8.06,92,0.13142857142857142
1320.png,1,0.19196428571428573,10,0.044642857142857144
1321.png,1,47.54017857142857,183,0.8169642857142857
1322.png,1,23.370535714285715,84,0.375
1323.png,1,9.383928571428571,37,0.16517857142857142
1324.png,1,35.794642857142854,115,0.5133928571428571
1325.png,1,30.129464285714285,115,0.5133928571428571
1326.png,1,45.86607142857143,211,0.9419642857142857
1327.png,1,8.06,92,0.13142857142857142
1328.png,1,7.9375,44,0.19642857142857142
1329.png,1,21.892857142857142,113,0.5044642857142857
133.png,1,16.995535714285715,41,0.18303571428571427
1330.png,1,8.06,92,0.13142857142857142
1331.png,1,17.017857142857142,180,0.8035714285714286
1332.png,1,8.06,92,0.13142857142857142
1333.png,1,8.06,92,0.13142857142857142
1334.png,1,12.651785714285714,41,0.18303571428571427
1335.png,1,37.205357142857146,140,0.625
1336.png,1,26.727678571428573,98,0.4375
1337.png,1,23.075892857142858,165,0.7366071428571429
1338.png,1,52.96875,247,1.1026785714285714
1339.png,1,18.709821428571427,88,0.39285714285714285
134.png,1,7.535714285714286,34,0.15178571428571427
1340.png,1,27.491071428571427,163,0.7276785714285714
1341.png,1,15.665178571428571,52,0.23214285714285715
1342.png,1,17.129464285714285,59,0.26339285714285715
1343.png,1,25.15625,77,0.34375
1344.png,1,46.09375,202,0.9017857142857143
1345.png,1,16.566964285714285,84,0.375
1346.png,1,21.375,257,1.1473214285714286
1347.png,1,9.638392857142858,74,0.33035714285714285
1348.png,1,8.06,92,0.13142857142857142
1349.png,1,39.308035714285715,195,0.8705357142857143
135.png,1,8.06,92,0.13142857142857142
1350.png,1,25.736607142857142,118,0.5267857142857143
1351.png,1,8.06,92,0.13142857142857142
1352.png,1,8.06,92,0.13142857142857142
1353.png,1,16.34375,87,0.38839285714285715
1354.png,1,26.017857142857142,110,0.49107142857142855
1355.png,1,18.03125,87,0.38839285714285715
1356.png,1,8.06,92,0.13142857142857142
1357.png,1,29.700892857142858,53,0.23660714285714285
1358.png,1,10.575892857142858,81,0.36160714285714285
1359.png,1,6.629464285714286,105,0.46875
136.png,1,21.995535714285715,80,0.35714285714285715
1360.png,1,7.96875,53,0.23660714285714285
1361.png,1,13.723214285714286,61,0.27232142857142855
1362.png,1,7.535714285714286,34,0.15178571428571427
1363.png,1,8.06,92,0.13142857142857142
1364.png,1,11.973214285714286,81,0.36160714285714285
1365.png,1,17.049107142857142,84,0.375
1366.png,1,33.95982142857143,224,1.0
1367.png,1,5.433035714285714,25,0.11160714285714286
1368.png,1,23.700892857142858,80,0.35714285714285715
1369.png,1,8.06,92,0.13142857142857142
137.png,1,9.107142857142858,22,0.09821428571428571
1370.png,1,28.629464285714285,120,0.5357142857142857
1371.png,1,21.834821428571427,53,0.23660714285714285
1372.png,1,10.0,82,0.36607142857142855
1373.png,1,8.129464285714286,32,0.14285714285714285
1374.png,1,2.8660714285714284,33,0.14732142857142858
1375.png,1,24.09375,110,0.49107142857142855
1376.png,1,3.2455357142857144,10,0.044642857142857144
1377.png,1,56.0,267,1.1919642857142858
1378.png,1,5.915178571428571,11,0.049107142857142856
1379.png,1,8.723214285714286,109,0.48660714285714285
138.png,1,13.857142857142858,96,0.42857142857142855
1380.png,1,2.7544642857142856,33,0.14732142857142858
1381.png,1,22.544642857142858,129,0.5758928571428571
1382.png,1,15.254464285714286,42,0.1875
1383.png,1,26.607142857142858,49,0.21875
1384.png,1,24.65625,150,0.6696428571428571
1385.png,1,27.473214285714285,72,0.32142857142857145
1386.png,1,9.392857142857142,51,0.22767857142857142
1387.png,1,1.6517857142857142,32,0.14285714285714285
1388.png,1,0.41517857142857145,26,0.11607142857142858
1389.png,1,8.06,92,0.13142857142857142
139.png,1,17.544642857142858,84,0.375
1390.png,1,27.665178571428573,75,0.33482142857142855
1391.png,1,8.06,92,0.13142857142857142
1392.png,1,16.647321428571427,74,0.33035714285714285
1393.png,1,19.580357142857142,149,0.6651785714285714
1394.png,1,22.852678571428573,105,0.46875
1395.png,1,8.06,92,0.13142857142857142
1396.png,1,31.241071428571427,114,0.5089285714285714
1397.png,1,13.607142857142858,57,0.2544642857142857
1398.png,1,32.54017857142857,127,0.5669642857142857
1399.png,1,12.946428571428571,38,0.16964285714285715
14.png,1,8.06,92,0.13142857142857142
140.png,1,53.629464285714285,394,1.7589285714285714
1400.png,1,8.767857142857142,69,0.3080357142857143
1401.png,1,16.727678571428573,78,0.3482142857142857
1402.png,1,8.508928571428571,30,0.13392857142857142
1403.png,1,6.879464285714286,22,0.09821428571428571
1404.png,1,11.084821428571429,140,0.625
1405.png,1,5.5625,37,0.16517857142857142
1406.png,1,0.625,10,0.044642857142857144
1407.png,1,8.06,92,0.13142857142857142
1408.png,1,8.06,92,0.13142857142857142
1409.png,1,8.06,92,0.13142857142857142
141.png,1,8.06,92,0.13142857142857142
1410.png,1,17.004464285714285,99,0.4419642857142857
1411.png,1,14.129464285714286,56,0.25
1412.png,1,8.06,92,0.13142857142857142
1413.png,1,1.8035714285714286,31,0.13839285714285715
1414.png,1,16.129464285714285,67,0.29910714285714285
1415.png,1,15.419642857142858,44,0.19642857142857142
1416.png,1,42.495535714285715,185,0.8258928571428571
1417.png,1,9.669642857142858,68,0.30357142857142855
1418.png,1,22.433035714285715,125,0.5580357142857143
1419.png,1,4.910714285714286,10,0.044642857142857144
142.png,1,43.72767857142857,319,1.4241071428571428
1420.png,1,0.0,0,0.0
1421.png,1,1.6339285714285714,60,0.26785714285714285
1422.png,1,3.3080357142857144,53,0.23660714285714285
1423.png,1,10.375,86,0.38392857142857145
1424.png,1,8.06,92,0.13142857142857142
1425.png,1,8.06,92,0.13142857142857142
1426.png,1,8.06,92,0.13142857142857142
1427.png,1,12.205357142857142,40,0.17857142857142858
1428.png,1,24.09375,110,0.49107142857142855
1429.png,1,24.075892857142858,63,0.28125
143.png,1,8.06,92,0.13142857142857142
1430.png,1,8.06,92,0.13142857142857142
1431.png,1,37.13392857142857,170,0.7589285714285714
1432.png,1,19.977678571428573,51,0.22767857142857142
1433.png,1,4.709821428571429,20,0.08928571428571429
1434.png,1,14.026785714285714,57,0.2544642857142857
1435.png,1,17.84375,97,0.4330357142857143
1436.png,1,20.232142857142858,170,0.7589285714285714
1437.png,1,8.06,92,0.13142857142857142
1438.png,1,42.4375,175,0.78125
1439.png,1,8.06,92,0.13142857142857142
144.png,1,18.919642857142858,76,0.3392857142857143
1440.png,1,12.741071428571429,71,0.3169642857142857
1441.png,1,9.361607142857142,51,0.22767857142857142
1442.png,1,27.089285714285715,73,0.32589285714285715
1443.png,1,24.647321428571427,105,0.46875
1444.png,1,30.473214285714285,136,0.6071428571428571
1445.png,1,8.200892857142858,60,0.26785714285714285
1446.png,1,12.732142857142858,83,0.3705357142857143
1447.png,1,31.799107142857142,200,0.8928571428571429
1448.png,1,15.928571428571429,56,0.25
1449.png,1,30.383928571428573,120,0.5357142857142857
145.png,1,0.10714285714285714,12,0.05357142857142857
1450.png,1,8.06,92,0.13142857142857142
1451.png,1,23.236607142857142,168,0.75
1452.png,1,38.22767857142857,119,0.53125
1453.png,1,14.3125,90,0.4017857142857143
1454.png,1,29.700892857142858,53,0.23660714285714285
1455.png,1,7.910714285714286,51,0.22767857142857142
1456.png,1,14.15625,140,0.625
1457.png,1,18.642857142857142,73,0.32589285714285715
1458.png,1,8.991071428571429,62,0.2767857142857143
1459.png,1,11.290178571428571,63,0.28125
146.png,1,8.758928571428571,40,0.17857142857142858
1460.png,1,40.879464285714285,206,0.9196428571428571
1461.png,1,12.138392857142858,102,0.45535714285714285
1462.png,1,30.151785714285715,87,0.38839285714285715
1463.png,1,10.013392857142858,53,0.23660714285714285
1464.png,1,1.9910714285714286,32,0.14285714285714285
1465.png,1,8.06,92,0.13142857142857142
1466.png,1,22.178571428571427,49,0.21875
1467.png,1,5.629464285714286,29,0.12946428571428573
1468.png,1,16.330357142857142,60,0.26785714285714285
1469.png,1,14.660714285714286,62,0.2767857142857143
147.png,1,8.06,92,0.13142857142857142
1470.png,1,8.06,92,0.13142857142857142
1471.png,1,8.06,92,0.13142857142857142
1472.png,1,20.517857142857142,136,0.6071428571428571
1473.png,1,12.392857142857142,89,0.39732142857142855
1474.png,1,24.120535714285715,90,0.4017857142857143
1475.png,1,13.696428571428571,53,0.23660714285714285
1476.png,1,56.732142857142854,248,1.1071428571428572
1477.png,1,0.7321428571428571,10,0.044642857142857144
1478.png,1,38.544642857142854,165,0.7366071428571429
1479.png,1,8.06,92,0.13142857142857142
148.png,1,29.080357142857142,183,0.8169642857142857
1480.png,1,8.06,92,0.13142857142857142
1481.png,1,7.383928571428571,50,0.22321428571428573
1482.png,1,4.566964285714286,47,0.20982142857142858
1483.png,1,5.258928571428571,92,0.4107142857142857
1484.png,1,17.049107142857142,84,0.375
1485.png,1,26.754464285714285,106,0.4732142857142857
1486.png,1,8.06,92,0.13142857142857142
1487.png,1,32.299107142857146,128,0.5714285714285714
1488.png,1,20.232142857142858,170,0.7589285714285714
1489.png,1,8.392857142857142,41,0.18303571428571427
149.png,1,0.0,0,0.0
1490.png,1,15.401785714285714,84,0.375
1491.png,1,30.339285714285715,178,0.7946428571428571
1492.png,1,0.1875,5,0.022321428571428572
1493.png,1,15.107142857142858,35,0.15625
1494.png,1,8.06,92,0.13142857142857142
1495.png,1,15.875,77,0.34375
1496.png,1,2.125,23,0.10267857142857142
1497.png,1,8.06,92,0.13142857142857142
1498.png,1,8.06,92,0.13142857142857142
1499.png,1,15.111607142857142,75,0.33482142857142855
15.png,1,23.236607142857142,168,0.75
150.png,1,18.15625,84,0.375
1500.png,1,7.241071428571429,52,0.23214285714285715
1501.png,1,14.59375,70,0.3125
1502.png,1,24.46875,90,0.4017857142857143
1503.png,1,26.964285714285715,84,0.375
1504.png,1,37.80357142857143,171,0.7633928571428571
1505.png,1,18.008928571428573,118,0.5267857142857143
1506.png,1,18.767857142857142,121,0.5401785714285714
1507.png,1,12.580357142857142,63,0.28125
1508.png,1,39.892857142857146,122,0.5446428571428571
1509.png,1,11.75,56,0.25
151.png,1,0.0,0,0.0
1510.png,1,31.232142857142858,149,0.6651785714285714
1511.png,1,8.06,92,0.13142857142857142
1512.png,1,13.736607142857142,21,0.09375
1513.png,1,27.584821428571427,63,0.28125
1514.png,1,12.205357142857142,40,0.17857142857142858
1515.png,1,5.433035714285714,25,0.11160714285714286
1516.png,1,8.06,92,0.13142857142857142
1517.png,1,38.263392857142854,178,0.7946428571428571
1518.png,1,24.46875,90,0.4017857142857143
1519.png,1,8.06,92,0.13142857142857142
152.png,1,31.602678571428573,120,0.5357142857142857
1520.png,1,8.06,92,0.13142857142857142
1521.png,1,8.508928571428571,30,0.13392857142857142
1522.png,1,1.3928571428571428,54,0.24107142857142858
1523.png,1,22.142857142857142,67,0.29910714285714285
1524.png,1,8.06,92,0.13142857142857142
1525.png,1,16.96875,41,0.18303571428571427
1526.png,1,33.95982142857143,224,1.0
1527.png,1,2.9375,42,0.1875
1528.png,1,13.977678571428571,73,0.32589285714285715
1529.png,1,8.06,92,0.13142857142857142
153.png,1,27.892857142857142,166,0.7410714285714286
1530.png,1,8.526785714285714,34,0.15178571428571427
1531.png,1,13.834821428571429,26,0.11607142857142858
1532.png,1,16.330357142857142,64,0.2857142857142857
1533.png,1,8.06,92,0.13142857142857142
1534.png,1,2.7544642857142856,33,0.14732142857142858
1535.png,1,17.629464285714285,63,0.28125
1536.png,1,23.370535714285715,84,0.375
1537.png,1,5.674107142857143,44,0.19642857142857142
1538.png,1,0.1875,5,0.022321428571428572
1539.png,1,28.633928571428573,158,0.7053571428571429
154.png,1,8.06,92,0.13142857142857142
1540.png,1,28.620535714285715,180,0.8035714285714286
1541.png,1,25.705357142857142,87,0.38839285714285715
1542.png,1,16.473214285714285,52,0.23214285714285715
1543.png,1,12.415178571428571,37,0.16517857142857142
1544.png,1,6.919642857142857,24,0.10714285714285714
1545.png,1,19.580357142857142,149,0.6651785714285714
1546.png,1,8.06,92,0.13142857142857142
1547.png,1,32.169642857142854,131,0.5848214285714286
1548.png,1,8.06,92,0.13142857142857142
1549.png,1,8.06,92,0.13142857142857142
155.png,1,14.611607142857142,69,0.3080357142857143
1550.png,1,17.683035714285715,72,0.32142857142857145
1551.png,1,0.0,0,0.0
1552.png,1,9.004464285714286,65,0.29017857142857145
1553.png,1,8.06,92,0.13142857142857142
1554.png,1,1.1741071428571428,12,0.05357142857142857
1555.png,1,0.38839285714285715,20,0.08928571428571429
1556.png,1,26.607142857142858,49,0.21875
1557.png,1,9.78125,26,0.11607142857142858
1558.png,1,18.325892857142858,203,0.90625
1559.png,1,18.464285714285715,65,0.29017857142857145
156.png,1,5.116071428571429,16,0.07142857142857142
1560.png,1,26.955357142857142,117,0.5223214285714286
1561.png,1,45.245535714285715,213,0.9508928571428571
1562.png,1,33.107142857142854,198,0.8839285714285714
1563.png,1,24.955357142857142,107,0.47767857142857145
1564.png,1,30.022321428571427,160,0.7142857142857143
1565.png,1,37.964285714285715,190,0.8482142857142857
1566.png,1,27.732142857142858,110,0.49107142857142855
1567.png,1,39.77232142857143,131,0.5848214285714286
1568.png,1,8.06,92,0.13142857142857142
1569.png,1,4.147321428571429,104,0.4642857142857143
157.png,1,18.299107142857142,75,0.33482142857142855
1570.png,1,21.415178571428573,124,0.5535714285714286
1571.png,1,0.0,0,0.0
1572.png,1,33.964285714285715,154,0.6875
1573.png,1,11.129464285714286,40,0.17857142857142858
1574.png,1,28.946428571428573,126,0.5625
1575.png,1,8.06,92,0.13142857142857142
1576.png,1,10.084821428571429,67,0.29910714285714285
1577.png,1,47.54017857142857,183,0.8169642857142857
1578.png,1,25.736607142857142,51,0.22767857142857142
1579.png,1,13.857142857142858,96,0.42857142857142855
158.png,1,8.06,92,0.13142857142857142
1580.png,1,8.758928571428571,40,0.17857142857142858
1581.png,1,2.482142857142857,21,0.09375
1582.png,1,8.06,92,0.13142857142857142
1583.png,1,29.611607142857142,57,0.2544642857142857
1584.png,1,8.06,92,0.13142857142857142
1585.png,1,52.91517857142857,327,1.4598214285714286
1586.png,1,57.183035714285715,181,0.8080357142857143
1587.png,1,11.196428571428571,85,0.3794642857142857
1588.png,1,13.107142857142858,35,0.15625
1589.png,1,5.361607142857143,15,0.06696428571428571
159.png,1,0.1875,5,0.022321428571428572
1590.png,1,47.598214285714285,174,0.7767857142857143
1591.png,1,44.75,190,0.8482142857142857
1592.png,1,5.772321428571429,55,0.24553571428571427
1593.png,1,8.06,92,0.13142857142857142
1594.png,1,11.196428571428571,85,0.3794642857142857
1595.png,1,8.06,92,0.13142857142857142
1596.png,1,6.111607142857143,23,0.10267857142857142
1597.png,1,8.06,92,0.13142857142857142
1598.png,1,11.78125,41,0.18303571428571427
1599.png,1,21.486607142857142,175,0.78125
16.png,1,8.06,92,0.13142857142857142
160.png,1,20.066964285714285,112,0.5
1600.png,1,30.928571428571427,166,0.7410714285714286
1601.png,1,18.15625,84,0.375
1602.png,1,26.401785714285715,145,0.6473214285714286
1603.png,1,5.321428571428571,104,0.4642857142857143
1604.png,1,6.616071428571429,86,0.38392857142857145
1605.png,1,38.392857142857146,165,0.7366071428571429
1606.png,1,31.160714285714285,182,0.8125
1607.png,1,8.06,92,0.13142857142857142
1608.png,1,25.004464285714285,102,0.45535714285714285
1609.png,1,0.9285714285714286,45,0.20089285714285715
161.png,1,14.433035714285714,23,0.10267857142857142
1610.png,1,32.45982142857143,83,0.3705357142857143
1611.png,1,18.352678571428573,95,0.42410714285714285
1612.png,1,19.580357142857142,149,0.6651785714285714
1613.png,1,7.611607142857143,76,0.3392857142857143
1614.png,1,20.388392857142858,107,0.47767857142857145
1615.png,1,9.049107142857142,29,0.12946428571428573
1616.png,1,23.089285714285715,60,0.26785714285714285
1617.png,1,5.915178571428571,50,0.22321428571428573
1618.png,1,20.598214285714285,45,0.20089285714285715
1619.png,1,8.946428571428571,32,0.14285714285714285
162.png,1,16.446428571428573,92,0.4107142857142857
1620.png,1,34.875,143,0.6383928571428571
1621.png,1,27.803571428571427,83,0.3705357142857143
1622.png,1,8.227678571428571,26,0.11607142857142858
1623.png,1,6.620535714285714,22,0.09821428571428571
1624.png,1,10.575892857142858,81,0.36160714285714285
1625.png,1,18.428571428571427,203,0.90625
1626.png,1,13.383928571428571,137,0.6116071428571429
1627.png,1,8.06,92,0.13142857142857142
1628.png,1,11.4375,78,0.3482142857142857
1629.png,1,20.066964285714285,112,0.5
163.png,1,0.0,0,0.0
1630.png,1,2.825892857142857,25,0.11160714285714286
1631.png,1,14.294642857142858,124,0.5535714285714286
1632.png,1,37.964285714285715,147,0.65625
1633.png,1,8.06,92,0.13142857142857142
1634.png,1,8.06,92,0.13142857142857142
1635.png,1,10.375,86,0.38392857142857145
1636.png,1,18.013392857142858,72,0.32142857142857145
1637.png,1,9.258928571428571,48,0.21428571428571427
1638.png,1,8.06,92,0.13142857142857142
1639.png,1,2.53125,11,0.049107142857142856
164.png,1,7.241071428571429,52,0.23214285714285715
1640.png,1,8.06,92,0.13142857142857142
1641.png,1,20.066964285714285,112,0.5
1642.png,1,8.06,92,0.13142857142857142
1643.png,1,25.080357142857142,83,0.3705357142857143
1644.png,1,1.1785714285714286,29,0.12946428571428573
1645.png,1,19.879464285714285,82,0.36607142857142855
1646.png,1,24.848214285714285,97,0.4330357142857143
1647.png,1,8.06,92,0.13142857142857142
1648.png,1,8.06,92,0.13142857142857142
1649.png,1,17.53125,95,0.42410714285714285
165.png,1,14.0,63,0.28125
1650.png,1,13.892857142857142,89,0.39732142857142855
1651.png,1,8.06,92,0.13142857142857142
1652.png,1,8.06,92,0.13142857142857142
1653.png,1,13.357142857142858,119,0.53125
1654.png,1,0.1875,5,0.022321428571428572
1655.png,1,37.964285714285715,211,0.9419642857142857
1656.png,1,8.06,92,0.13142857142857142
1657.png,1,11.879464285714286,97,0.4330357142857143
1658.png,1,15.861607142857142,82,0.36607142857142855
1659.png,1,37.598214285714285,242,1.0803571428571428
166.png,1,8.06,92,0.13142857142857142
1660.png,1,14.450892857142858,22,0.09821428571428571
1661.png,1,4.392857142857143,53,0.23660714285714285
1662.png,1,2.8660714285714284,33,0.14732142857142858
1663.png,1,12.272321428571429,90,0.4017857142857143
1664.png,1,4.772321428571429,27,0.12053571428571429
1665.png,1,2.4955357142857144,25,0.11160714285714286
1666.png,1,8.06,92,0.13142857142857142
1667.png,1,8.06,92,0.13142857142857142
1668.png,1,8.727678571428571,47,0.20982142857142858
1669.png,1,8.06,92,0.13142857142857142
167.png,1,8.06,92,0.13142857142857142
1670.png,1,8.06,92,0.13142857142857142
1671.png,1,33.825892857142854,72,0.32142857142857145
1672.png,1,27.142857142857142,74,0.33035714285714285
1673.png,1,11.522321428571429,72,0.32142857142857145
1674.png,1,37.13392857142857,170,0.7589285714285714
1675.png,1,5.915178571428571,11,0.049107142857142856
1676.png,1,35.325892857142854,102,0.45535714285714285
1677.png,1,1.1785714285714286,35,0.15625
1678.png,1,11.196428571428571,85,0.3794642857142857
1679.png,1,7.540178571428571,81,0.36160714285714285
168.png,1,29.915178571428573,102,0.45535714285714285
1680.png,1,15.611607142857142,74,0.33035714285714285
1681.png,1,47.54017857142857,183,0.8169642857142857
1682.png,1,21.959821428571427,102,0.45535714285714285
1683.png,1,5.933035714285714,40,0.17857142857142858
1684.png,1,11.544642857142858,114,0.5089285714285714
1685.png,1,23.272321428571427,109,0.48660714285714285
1686.png,1,5.241071428571429,65,0.29017857142857145
1687.png,1,0.8616071428571429,19,0.08482142857142858
1688.png,1,9.035714285714286,36,0.16071428571428573
1689.png,1,4.566964285714286,47,0.20982142857142858
169.png,1,13.388392857142858,35,0.15625
1690.png,1,18.303571428571427,90,0.4017857142857143
1691.png,1,5.616071428571429,17,0.07589285714285714
1692.png,1,11.205357142857142,97,0.4330357142857143
1693.png,1,8.06,92,0.13142857142857142
1694.png,1,8.861607142857142,101,0.45089285714285715
1695.png,1,34.22767857142857,102,0.45535714285714285
1696.png,1,10.397321428571429,79,0.35267857142857145
1697.png,1,9.178571428571429,40,0.17857142857142858
1698.png,1,32.151785714285715,110,0.49107142857142855
1699.png,1,18.03125,87,0.38839285714285715
17.png,1,13.607142857142858,57,0.2544642857142857
170.png,1,1.9196428571428572,89,0.39732142857142855
1700.png,1,14.026785714285714,57,0.2544642857142857
1701.png,1,1.1205357142857142,24,0.10714285714285714
1702.png,1,8.06,92,0.13142857142857142
1703.png,1,8.06,92,0.13142857142857142
1704.png,1,13.357142857142858,98,0.4375
1705.png,1,16.995535714285715,41,0.18303571428571427
1706.png,1,12.90625,100,0.44642857142857145
1707.png,1,5.245535714285714,56,0.25
1708.png,1,8.491071428571429,49,0.21875
1709.png,1,3.169642857142857,15,0.06696428571428571
171.png,1,37.723214285714285,130,0.5803571428571429
1710.png,1,24.65625,150,0.6696428571428571
1711.png,1,29.700892857142858,53,0.23660714285714285
1712.png,1,9.357142857142858,32,0.14285714285714285
1713.png,1,36.763392857142854,132,0.5892857142857143
1714.png,1,35.169642857142854,62,0.2767857142857143
1715.png,1,28.700892857142858,118,0.5267857142857143
1716.png,1,2.6607142857142856,24,0.10714285714285714
1717.png,1,14.642857142857142,90,0.4017857142857143
1718.png,1,2.78125,66,0.29464285714285715
1719.png,1,6.883928571428571,62,0.2767857142857143
172.png,1,27.584821428571427,81,0.36160714285714285
1720.png,1,46.21875,188,0.8392857142857143
1721.png,1,6.151785714285714,31,0.13839285714285715
1722.png,1,22.544642857142858,129,0.5758928571428571
1723.png,1,21.223214285714285,76,0.3392857142857143
1724.png,1,27.803571428571427,81,0.36160714285714285
1725.png,1,18.25,86,0.38392857142857145
1726.png,1,8.06,92,0.13142857142857142
1727.png,1,25.276785714285715,118,0.5267857142857143
1728.png,1,8.06,92,0.13142857142857142
1729.png,1,28.602678571428573,135,0.6026785714285714
173.png,1,7.526785714285714,30,0.13392857142857142
1730.png,1,2.5982142857142856,50,0.22321428571428573
1731.png,1,58.28125,293,1.3080357142857142
1732.png,1,1.4375,19,0.08482142857142858
1733.png,1,18.419642857142858,60,0.26785714285714285
1734.png,1,41.53125,146,0.6517857142857143
1735.png,1,8.06,92,0.13142857142857142
1736.png,1,23.84375,90,0.4017857142857143
1737.png,1,22.651785714285715,109,0.48660714285714285
1738.png,1,25.758928571428573,56,0.25
1739.png,1,8.06,92,0.13142857142857142
174.png,1,8.06,92,0.13142857142857142
1740.png,1,3.361607142857143,47,0.20982142857142858
1741.png,1,7.540178571428571,81,0.36160714285714285
1742.png,1,26.129464285714285,95,0.42410714285714285
1743.png,1,18.428571428571427,203,0.90625
1744.png,1,6.504464285714286,55,0.24553571428571427
1745.png,1,24.263392857142858,108,0.48214285714285715
1746.png,1,13.861607142857142,101,0.45089285714285715
1747.png,1,8.06,92,0.13142857142857142
1748.png,1,8.06,92,0.13142857142857142
1749.png,1,15.919642857142858,34,0.15178571428571427
175.png,1,8.06,92,0.13142857142857142
1750.png,1,8.06,92,0.13142857142857142
1751.png,1,8.955357142857142,83,0.3705357142857143
1752.png,1,8.06,92,0.13142857142857142
1753.png,1,8.06,92,0.13142857142857142
1754.png,1,37.964285714285715,211,0.9419642857142857
1755.png,1,40.808035714285715,165,0.7366071428571429
1756.png,1,8.06,92,0.13142857142857142
1757.png,1,18.982142857142858,122,0.5446428571428571
1758.png,1,14.65625,33,0.14732142857142858
1759.png,1,23.236607142857142,168,0.75
176.png,1,30.5,162,0.7232142857142857
1760.png,1,16.151785714285715,81,0.36160714285714285
1761.png,1,15.870535714285714,48,0.21428571428571427
1762.png,1,11.205357142857142,97,0.4330357142857143
1763.png,1,11.558035714285714,48,0.21428571428571427
1764.png,1,30.830357142857142,123,0.5491071428571429
1765.png,1,12.370535714285714,79,0.35267857142857145
1766.png,1,6.90625,77,0.34375
1767.png,1,23.370535714285715,84,0.375
1768.png,1,2.299107142857143,23,0.10267857142857142
1769.png,1,34.379464285714285,114,0.5089285714285714
177.png,1,16.875,104,0.4642857142857143
1770.png,1,1.3928571428571428,36,0.16071428571428573
1771.png,1,14.700892857142858,68,0.30357142857142855
1772.png,1,18.15625,84,0.375
1773.png,1,25.709821428571427,76,0.3392857142857143
1774.png,1,41.441964285714285,206,0.9196428571428571
1775.png,1,8.06,92,0.13142857142857142
1776.png,1,8.06,92,0.13142857142857142
1777.png,1,24.34375,72,0.32142857142857145
1778.png,1,22.852678571428573,105,0.46875
1779.png,1,8.06,92,0.13142857142857142
178.png,1,8.06,92,0.13142857142857142
1780.png,1,8.06,92,0.13142857142857142
1781.png,1,19.857142857142858,100,0.44642857142857145
1782.png,1,8.06,92,0.13142857142857142
1783.png,1,8.06,92,0.13142857142857142
1784.png,1,30.924107142857142,196,0.875
1785.png,1,22.651785714285715,109,0.48660714285714285
1786.png,1,17.575892857142858,83,0.3705357142857143
1787.png,1,11.071428571428571,130,0.5803571428571429
1788.png,1,18.424107142857142,88,0.39285714285714285
1789.png,1,37.80357142857143,171,0.7633928571428571
179.png,1,9.366071428571429,46,0.20535714285714285
1790.png,1,5.424107142857143,90,0.4017857142857143
1791.png,1,36.763392857142854,132,0.5892857142857143
1792.png,1,5.5,56,0.25
1793.png,1,39.357142857142854,213,0.9508928571428571
1794.png,1,12.116071428571429,47,0.20982142857142858
1795.png,1,8.06,92,0.13142857142857142
1796.png,1,5.433035714285714,25,0.11160714285714286
1797.png,1,8.06,92,0.13142857142857142
1798.png,1,16.575892857142858,77,0.34375
1799.png,1,0.0,0,0.0
18.png,1,26.267857142857142,171,0.7633928571428571
180.png,1,8.06,92,0.13142857142857142
1800.png,1,13.857142857142858,96,0.42857142857142855
1801.png,1,3.0982142857142856,40,0.17857142857142858
1802.png,1,6.879464285714286,32,0.14285714285714285
1803.png,1,5.330357142857143,41,0.18303571428571427
1804.png,1,31.169642857142858,162,0.7232142857142857
1805.png,1,8.227678571428571,26,0.11607142857142858
1806.png,1,13.732142857142858,137,0.6116071428571429
1807.png,1,19.357142857142858,152,0.6785714285714286
1808.png,1,12.370535714285714,46,0.20535714285714285
1809.png,1,33.71875,96,0.42857142857142855
181.png,1,21.486607142857142,175,0.78125
1810.png,1,20.071428571428573,156,0.6964285714285714
1811.png,1,9.696428571428571,69,0.3080357142857143
1812.png,1,17.049107142857142,84,0.375
1813.png,1,21.450892857142858,92,0.4107142857142857
1814.png,1,23.758928571428573,187,0.8348214285714286
1815.png,1,38.232142857142854,222,0.9910714285714286
1816.png,1,8.06,92,0.13142857142857142
1817.png,1,8.06,92,0.13142857142857142
1818.png,1,10.616071428571429,133,0.59375
1819.png,1,14.15625,140,0.625
182.png,1,17.049107142857142,84,0.375
1820.png,1,18.15625,84,0.375
1821.png,1,11.4375,78,0.3482142857142857
1822.png,1,8.129464285714286,32,0.14285714285714285
1823.png,1,23.504464285714285,112,0.5
1824.png,1,8.06,92,0.13142857142857142
1825.png,1,8.06,92,0.13142857142857142
1826.png,1,34.566964285714285,179,0.7991071428571429
1827.png,1,8.06,92,0.13142857142857142
1828.png,1,15.848214285714286,32,0.14285714285714285
1829.png,1,36.526785714285715,83,0.3705357142857143
183.png,1,8.06,92,0.13142857142857142
1830.png,1,12.392857142857142,89,0.39732142857142855
1831.png,1,35.325892857142854,102,0.45535714285714285
1832.png,1,18.866071428571427,69,0.3080357142857143
1833.png,1,9.017857142857142,28,0.125
1834.png,1,16.174107142857142,95,0.42410714285714285
1835.png,1,15.133928571428571,48,0.21428571428571427
1836.png,1,28.53125,41,0.18303571428571427
1837.png,1,5.357142857142857,79,0.35267857142857145
1838.png,1,15.65625,41,0.18303571428571427
1839.png,1,28.526785714285715,82,0.36607142857142855
184.png,1,8.06,92,0.13142857142857142
1840.png,1,13.535714285714286,41,0.18303571428571427
1841.png,1,28.035714285714285,70,0.3125
1842.png,1,21.223214285714285,61,0.27232142857142855
1843.png,1,21.732142857142858,203,0.90625
1844.png,1,31.848214285714285,100,0.44642857142857145
1845.png,1,16.995535714285715,41,0.18303571428571427
1846.png,1,27.660714285714285,41,0.18303571428571427
1847.png,1,35.589285714285715,153,0.6830357142857143
1848.png,1,17.004464285714285,99,0.4419642857142857
1849.png,1,8.06,92,0.13142857142857142
185.png,1,8.06,92,0.13142857142857142
1850.png,1,8.06,92,0.13142857142857142
1851.png,1,15.299107142857142,66,0.29464285714285715
1852.png,1,8.06,92,0.13142857142857142
1853.png,1,29.700892857142858,53,0.23660714285714285
1854.png,1,27.763392857142858,108,0.48214285714285715
1855.png,1,19.785714285714285,51,0.22767857142857142
1856.png,1,8.06,92,0.13142857142857142
1857.png,1,20.232142857142858,170,0.7589285714285714
1858.png,1,31.848214285714285,100,0.44642857142857145
1859.png,1,15.424107142857142,93,0.41517857142857145
186.png,1,18.941964285714285,64,0.2857142857142857
1860.png,1,1.1205357142857142,24,0.10714285714285714
1861.png,1,2.7544642857142856,33,0.14732142857142858
1862.png,1,12.638392857142858,130,0.5803571428571429
1863.png,1,24.09375,110,0.49107142857142855
1864.png,1,8.06,92,0.13142857142857142
1865.png,1,12.392857142857142,89,0.39732142857142855
1866.png,1,34.129464285714285,159,0.7098214285714286
1867.png,1,35.504464285714285,151,0.6741071428571429
1868.png,1,12.696428571428571,65,0.29017857142857145
1869.png,1,20.053571428571427,44,0.19642857142857142
187.png,1,18.616071428571427,87,0.38839285714285715
1870.png,1,19.357142857142858,152,0.6785714285714286
1871.png,1,25.723214285714285,126,0.5625
1872.png,1,0.0,0,0.0
1873.png,1,46.848214285714285,145,0.6473214285714286
1874.png,1,8.892857142857142,32,0.14285714285714285
1875.png,1,14.892857142857142,102,0.45535714285714285
1876.png,1,30.129464285714285,115,0.5133928571428571
1877.png,1,0.0,0,0.0
1878.png,1,0.0,0,0.0
1879.png,1,6.120535714285714,32,0.14285714285714285
188.png,1,6.638392857142857,23,0.10267857142857142
1880.png,1,17.580357142857142,97,0.4330357142857143
1881.png,1,41.80357142857143,120,0.5357142857142857
1882.png,1,8.06,92,0.13142857142857142
1883.png,1,5.5,56,0.25
1884.png,1,27.049107142857142,61,0.27232142857142855
1885.png,1,2.5625,79,0.35267857142857145
1886.png,1,7.535714285714286,52,0.23214285714285715
1887.png,1,12.138392857142858,42,0.1875
1888.png,1,10.013392857142858,53,0.23660714285714285
1889.png,1,12.272321428571429,90,0.4017857142857143
189.png,1,30.379464285714285,106,0.4732142857142857
1890.png,1,36.526785714285715,83,0.3705357142857143
1891.png,1,16.116071428571427,52,0.23214285714285715
1892.png,1,8.06,92,0.13142857142857142
1893.png,1,17.15625,68,0.30357142857142855
1894.png,1,16.669642857142858,50,0.22321428571428573
1895.png,1,8.06,92,0.13142857142857142
1896.png,1,2.6026785714285716,53,0.23660714285714285
1897.png,1,8.06,92,0.13142857142857142
1898.png,1,16.6875,122,0.5446428571428571
1899.png,1,11.696428571428571,93,0.41517857142857145
19.png,1,2.9017857142857144,34,0.15178571428571427
190.png,1,17.049107142857142,84,0.375
1900.png,1,14.477678571428571,75,0.33482142857142855
1901.png,1,36.111607142857146,200,0.8928571428571429
1902.png,1,1.0089285714285714,30,0.13392857142857142
1903.png,1,3.7901785714285716,31,0.13839285714285715
1904.png,1,8.06,92,0.13142857142857142
1905.png,1,18.339285714285715,64,0.2857142857142857
1906.png,1,32.776785714285715,208,0.9285714285714286
1907.png,1,14.035714285714286,105,0.46875
1908.png,1,17.642857142857142,155,0.6919642857142857
1909.png,1,32.42857142857143,172,0.7678571428571429
191.png,1,9.004464285714286,65,0.29017857142857145
1910.png,1,2.6026785714285716,53,0.23660714285714285
1911.png,1,4.40625,60,0.26785714285714285
1912.png,1,2.7901785714285716,77,0.34375
1913.png,1,41.75,153,0.6830357142857143
1914.png,1,33.24107142857143,147,0.65625
1915.png,1,2.763392857142857,25,0.11160714285714286
1916.png,1,5.116071428571429,16,0.07142857142857142
1917.png,1,33.1875,203,0.90625
1918.png,1,8.258928571428571,41,0.18303571428571427
1919.png,1,15.111607142857142,72,0.32142857142857145
192.png,1,8.06,92,0.13142857142857142
1920.png,1,32.482142857142854,181,0.8080357142857143
1921.png,1,14.15625,140,0.625
1922.png,1,10.745535714285714,118,0.5267857142857143
1923.png,1,8.06,92,0.13142857142857142
1924.png,1,19.584821428571427,69,0.3080357142857143
1925.png,1,8.06,92,0.13142857142857142
1926.png,1,16.330357142857142,92,0.4107142857142857
1927.png,1,8.06,92,0.13142857142857142
1928.png,1,8.200892857142858,60,0.26785714285714285
1929.png,1,33.95982142857143,224,1.0
193.png,1,2.361607142857143,30,0.13392857142857142
1930.png,1,1.9107142857142858,37,0.16517857142857142
1931.png,1,20.232142857142858,98,0.4375
1932.png,1,8.06,92,0.13142857142857142
1933.png,1,29.9375,210,0.9375
1934.png,1,12.794642857142858,45,0.20089285714285715
1935.png,1,11.071428571428571,130,0.5803571428571429
1936.png,1,13.607142857142858,57,0.2544642857142857
1937.png,1,14.026785714285714,57,0.2544642857142857
1938.png,1,7.383928571428571,41,0.18303571428571427
1939.png,1,32.35267857142857,108,0.48214285714285715
194.png,1,33.892857142857146,132,0.5892857142857143
1940.png,1,4.044642857142857,26,0.11607142857142858
1941.png,1,20.455357142857142,119,0.53125
1942.png,1,6.745535714285714,40,0.17857142857142858
1943.png,1,3.3526785714285716,13,0.05803571428571429
1944.png,1,28.700892857142858,118,0.5267857142857143
1945.png,1,8.580357142857142,66,0.29464285714285715
1946.png,1,8.06,92,0.13142857142857142
1947.png,1,27.017857142857142,160,0.7142857142857143
1948.png,1,8.06,92,0.13142857142857142
1949.png,1,16.96875,41,0.18303571428571427
195.png,1,29.040178571428573,110,0.49107142857142855
1950.png,1,38.17857142857143,169,0.7544642857142857
1951.png,1,24.745535714285715,60,0.26785714285714285
1952.png,1,15.366071428571429,71,0.3169642857142857
1953.png,1,17.84375,97,0.4330357142857143
1954.png,1,0.19196428571428573,10,0.044642857142857144
1955.png,1,3.28125,32,0.14285714285714285
1956.png,1,12.392857142857142,89,0.39732142857142855
1957.png,1,8.06,92,0.13142857142857142
1958.png,1,1.7366071428571428,27,0.12053571428571429
1959.png,1,13.370535714285714,65,0.29017857142857145
196.png,1,22.142857142857142,67,0.29910714285714285
1960.png,1,1.1205357142857142,24,0.10714285714285714
1961.png,1,14.977678571428571,67,0.29910714285714285
1962.png,1,3.9330357142857144,36,0.16071428571428573
1963.png,1,2.6026785714285716,53,0.23660714285714285
1964.png,1,8.227678571428571,26,0.11607142857142858
1965.png,1,0.1875,5,0.022321428571428572
1966.png,1,21.375,257,1.1473214285714286
1967.png,1,16.34375,87,0.38839285714285715
1968.png,1,8.06,92,0.13142857142857142
1969.png,1,14.959821428571429,48,0.21428571428571427
197.png,1,23.28125,158,0.7053571428571429
1970.png,1,8.06,92,0.13142857142857142
1971.png,1,18.299107142857142,75,0.33482142857142855
1972.png,1,1.4330357142857142,22,0.09821428571428571
1973.png,1,9.892857142857142,37,0.16517857142857142
1974.png,1,8.06,92,0.13142857142857142
1975.png,1,52.763392857142854,206,0.9196428571428571
1976.png,1,8.200892857142858,60,0.26785714285714285
1977.png,1,7.9375,44,0.19642857142857142
1978.png,1,11.419642857142858,102,0.45535714285714285
1979.png,1,21.450892857142858,92,0.4107142857142857
198.png,1,10.455357142857142,108,0.48214285714285715
1980.png,1,8.06,92,0.13142857142857142
1981.png,1,8.06,92,0.13142857142857142
1982.png,1,8.06,92,0.13142857142857142
1983.png,1,10.879464285714286,83,0.3705357142857143
1984.png,1,25.825892857142858,111,0.4955357142857143
1985.png,1,37.941964285714285,140,0.625
1986.png,1,7.651785714285714,68,0.30357142857142855
1987.png,1,36.566964285714285,116,0.5178571428571429
1988.png,1,8.06,92,0.13142857142857142
1989.png,1,35.92857142857143,191,0.8526785714285714
199.png,1,33.174107142857146,131,0.5848214285714286
1990.png,1,24.553571428571427,82,0.36607142857142855
1991.png,1,37.13392857142857,170,0.7589285714285714
1992.png,1,10.683035714285714,60,0.26785714285714285
1993.png,1,12.46875,95,0.42410714285714285
1994.png,1,14.700892857142858,68,0.30357142857142855
1995.png,1,9.004464285714286,65,0.29017857142857145
1996.png,1,36.808035714285715,125,0.5580357142857143
1997.png,1,8.06,92,0.13142857142857142
1998.png,1,8.06,92,0.13142857142857142
1999.png,1,1.8080357142857142,15,0.06696428571428571
2.png,1,8.526785714285714,34,0.15178571428571427
20.png,1,8.06,92,0.13142857142857142
200.png,1,14.303571428571429,47,0.20982142857142858
201.png,1,28.915178571428573,97,0.4330357142857143
202.png,1,12.504464285714286,72,0.32142857142857145
203.png,1,18.15625,84,0.375
204.png,1,24.848214285714285,97,0.4330357142857143
205.png,1,7.241071428571429,52,0.23214285714285715
206.png,1,5.183035714285714,82,0.36607142857142855
207.png,1,14.977678571428571,67,0.29910714285714285
208.png,1,19.535714285714285,64,0.2857142857142857
209.png,1,17.830357142857142,40,0.17857142857142858
21.png,1,10.575892857142858,81,0.36160714285714285
210.png,1,15.611607142857142,71,0.3169642857142857
211.png,1,8.06,92,0.13142857142857142
212.png,1,21.214285714285715,67,0.29910714285714285
213.png,1,19.584821428571427,69,0.3080357142857143
214.png,1,1.6160714285714286,86,0.38392857142857145
215.png,1,21.080357142857142,107,0.47767857142857145
216.png,1,17.638392857142858,80,0.35714285714285715
217.png,1,11.205357142857142,97,0.4330357142857143
218.png,1,17.736607142857142,50,0.22321428571428573
219.png,1,15.232142857142858,105,0.46875
22.png,1,2.8705357142857144,51,0.22767857142857142
220.png,1,0.0,0,0.0
221.png,1,50.995535714285715,265,1.1830357142857142
222.png,1,17.84375,97,0.4330357142857143
223.png,1,13.651785714285714,82,0.36607142857142855
224.png,1,9.272321428571429,69,0.3080357142857143
225.png,1,17.857142857142858,78,0.3482142857142857
226.png,1,27.84375,86,0.38392857142857145
227.png,1,25.825892857142858,111,0.4955357142857143
228.png,1,36.964285714285715,144,0.6428571428571429
229.png,1,22.522321428571427,130,0.5803571428571429
23.png,1,2.9419642857142856,41,0.18303571428571427
230.png,1,17.638392857142858,80,0.35714285714285715
231.png,1,9.366071428571429,46,0.20535714285714285
232.png,1,3.9330357142857144,36,0.16071428571428573
233.png,1,28.915178571428573,97,0.4330357142857143
234.png,1,25.138392857142858,228,1.0178571428571428
235.png,1,5.575892857142857,15,0.06696428571428571
236.png,1,1.1205357142857142,24,0.10714285714285714
237.png,1,12.834821428571429,55,0.24553571428571427
238.png,1,22.558035714285715,105,0.46875
239.png,1,6.620535714285714,22,0.09821428571428571
24.png,1,18.464285714285715,65,0.29017857142857145
240.png,1,23.758928571428573,187,0.8348214285714286
241.png,1,6.879464285714286,22,0.09821428571428571
242.png,1,16.861607142857142,108,0.48214285714285715
243.png,1,8.06,92,0.13142857142857142
244.png,1,8.741071428571429,73,0.32589285714285715
245.png,1,9.160714285714286,50,0.22321428571428573
246.png,1,14.477678571428571,75,0.33482142857142855
247.png,1,31.120535714285715,165,0.7366071428571429
248.png,1,22.348214285714285,157,0.7008928571428571
249.png,1,8.06,92,0.13142857142857142
25.png,1,27.28125,122,0.5446428571428571
250.png,1,11.205357142857142,97,0.4330357142857143
251.png,1,0.49107142857142855,6,0.026785714285714284
252.png,1,8.06,92,0.13142857142857142
253.png,1,28.928571428571427,83,0.3705357142857143
254.png,1,8.330357142857142,41,0.18303571428571427
255.png,1,33.88392857142857,158,0.7053571428571429
256.png,1,19.96875,151,0.6741071428571429
257.png,1,34.058035714285715,135,0.6026785714285714
258.png,1,12.272321428571429,30,0.13392857142857142
259.png,1,16.0625,89,0.39732142857142855
26.png,1,12.625,73,0.32589285714285715
260.png,1,2.5223214285714284,52,0.23214285714285715
261.png,1,18.299107142857142,75,0.33482142857142855
262.png,1,19.857142857142858,100,0.44642857142857145
263.png,1,25.973214285714285,118,0.5267857142857143
264.png,1,25.794642857142858,74,0.33035714285714285
265.png,1,6.883928571428571,62,0.2767857142857143
266.png,1,2.330357142857143,52,0.23214285714285715
267.png,1,17.049107142857142,84,0.375
268.png,1,8.06,92,0.13142857142857142
269.png,1,1.8080357142857142,15,0.06696428571428571
27.png,1,8.06,92,0.13142857142857142
270.png,1,21.017857142857142,112,0.5
271.png,1,21.227678571428573,87,0.38839285714285715
272.png,1,14.366071428571429,75,0.33482142857142855
273.png,1,17.745535714285715,81,0.36160714285714285
274.png,1,0.19196428571428573,10,0.044642857142857144
275.png,1,21.040178571428573,92,0.4107142857142857
276.png,1,35.964285714285715,68,0.30357142857142855
277.png,1,28.138392857142858,93,0.41517857142857145
278.png,1,12.732142857142858,55,0.24553571428571427
279.png,1,8.06,92,0.13142857142857142
28.png,1,5.116071428571429,16,0.07142857142857142
280.png,1,7.651785714285714,68,0.30357142857142855
281.png,1,2.892857142857143,33,0.14732142857142858
282.png,1,8.06,92,0.13142857142857142
283.png,1,8.06,92,0.13142857142857142
284.png,1,11.200892857142858,85,0.3794642857142857
285.png,1,8.06,92,0.13142857142857142
286.png,1,28.151785714285715,95,0.42410714285714285
287.png,1,30.066964285714285,119,0.53125
288.png,1,26.232142857142858,175,0.78125
289.png,1,21.834821428571427,53,0.23660714285714285
29.png,1,2.825892857142857,25,0.11160714285714286
290.png,1,25.794642857142858,74,0.33035714285714285
291.png,1,15.558035714285714,88,0.39285714285714285
292.png,1,13.357142857142858,119,0.53125
293.png,1,5.223214285714286,98,0.4375
294.png,1,4.709821428571429,20,0.08928571428571429
295.png,1,41.267857142857146,189,0.84375
296.png,1,15.5,75,0.33482142857142855
297.png,1,45.5,204,0.9107142857142857
298.png,1,45.245535714285715,228,1.0178571428571428
299.png,1,48.29017857142857,162,0.7232142857142857
3.png,1,16.0625,89,0.39732142857142855
30.png,1,18.6875,84,0.375
300.png,1,11.102678571428571,20,0.08928571428571429
301.png,1,32.785714285714285,181,0.8080357142857143
302.png,1,16.879464285714285,118,0.5267857142857143
303.png,1,16.151785714285715,81,0.36160714285714285
304.png,1,15.004464285714286,80,0.35714285714285715
305.png,1,8.758928571428571,40,0.17857142857142858
306.png,1,28.620535714285715,180,0.8035714285714286
307.png,1,17.84375,97,0.4330357142857143
308.png,1,8.06,92,0.13142857142857142
309.png,1,7.21875,40,0.17857142857142858
31.png,1,5.116071428571429,16,0.07142857142857142
310.png,1,21.549107142857142,70,0.3125
311.png,1,25.508928571428573,57,0.2544642857142857
312.png,1,30.861607142857142,140,0.625
313.png,1,8.06,92,0.13142857142857142
314.png,1,13.870535714285714,95,0.42410714285714285
315.png,1,21.84375,108,0.48214285714285715
316.png,1,25.566964285714285,77,0.34375
317.png,1,12.732142857142858,83,0.3705357142857143
318.png,1,29.839285714285715,107,0.47767857142857145
319.png,1,8.06,92,0.13142857142857142
32.png,1,8.06,92,0.13142857142857142
320.png,1,16.415178571428573,39,0.17410714285714285
321.png,1,3.705357142857143,20,0.08928571428571429
322.png,1,14.736607142857142,89,0.39732142857142855
323.png,1,9.366071428571429,46,0.20535714285714285
324.png,1,7.357142857142857,26,0.11607142857142858
325.png,1,22.142857142857142,77,0.34375
326.png,1,15.366071428571429,71,0.3169642857142857
327.png,1,9.5,43,0.19196428571428573
328.png,1,6.620535714285714,22,0.09821428571428571
329.png,1,13.535714285714286,84,0.375
33.png,1,1.7410714285714286,33,0.14732142857142858
330.png,1,3.9017857142857144,58,0.25892857142857145
331.png,1,8.06,92,0.13142857142857142
332.png,1,23.236607142857142,168,0.75
333.png,1,14.741071428571429,55,0.24553571428571427
334.png,1,16.647321428571427,74,0.33035714285714285
335.png,1,16.160714285714285,65,0.29017857142857145
336.png,1,28.59375,81,0.36160714285714285
337.png,1,23.214285714285715,159,0.7098214285714286
338.png,1,46.013392857142854,208,0.9285714285714286
339.png,1,43.90625,197,0.8794642857142857
34.png,1,8.06,92,0.13142857142857142
340.png,1,30.285714285714285,113,0.5044642857142857
341.png,1,31.794642857142858,122,0.5446428571428571
342.png,1,8.06,92,0.13142857142857142
343.png,1,0.0,0,0.0
344.png,1,26.883928571428573,69,0.3080357142857143
345.png,1,8.758928571428571,40,0.17857142857142858
346.png,1,7.540178571428571,81,0.36160714285714285
347.png,1,0.10714285714285714,12,0.05357142857142857
348.png,1,47.732142857142854,193,0.8616071428571429
349.png,1,32.392857142857146,133,0.59375
35.png,1,8.06,92,0.13142857142857142
350.png,1,7.651785714285714,68,0.30357142857142855
351.png,1,33.924107142857146,159,0.7098214285714286
352.png,1,8.06,92,0.13142857142857142
353.png,1,29.089285714285715,156,0.6964285714285714
354.png,1,9.120535714285714,101,0.45089285714285715
355.png,1,4.90625,44,0.19642857142857142
356.png,1,31.71875,173,0.7723214285714286
357.png,1,13.616071428571429,90,0.4017857142857143
358.png,1,37.267857142857146,201,0.8973214285714286
359.png,1,15.495535714285714,59,0.26339285714285715
36.png,1,8.06,92,0.13142857142857142
360.png,1,8.06,92,0.13142857142857142
361.png,1,11.352678571428571,97,0.4330357142857143
362.png,1,11.071428571428571,130,0.5803571428571429
363.png,1,38.058035714285715,121,0.5401785714285714
364.png,1,34.379464285714285,114,0.5089285714285714
365.png,1,13.058035714285714,48,0.21428571428571427
366.png,1,23.816964285714285,64,0.2857142857142857
367.png,1,1.3883928571428572,38,0.16964285714285715
368.png,1,17.120535714285715,72,0.32142857142857145
369.png,1,8.06,92,0.13142857142857142
37.png,1,26.392857142857142,95,0.42410714285714285
370.png,1,12.34375,63,0.28125
371.png,1,12.482142857142858,121,0.5401785714285714
372.png,1,23.049107142857142,73,0.32589285714285715
373.png,1,8.06,92,0.13142857142857142
374.png,1,16.174107142857142,95,0.42410714285714285
375.png,1,20.1875,78,0.3482142857142857
376.png,1,28.151785714285715,99,0.4419642857142857
377.png,1,14.584821428571429,81,0.36160714285714285
378.png,1,29.035714285714285,81,0.36160714285714285
379.png,1,8.06,92,0.13142857142857142
38.png,1,24.1875,116,0.5178571428571429
380.png,1,9.830357142857142,61,0.27232142857142855
381.png,1,0.7946428571428571,29,0.12946428571428573
382.png,1,19.482142857142858,56,0.25
383.png,1,35.575892857142854,143,0.6383928571428571
384.png,1,34.263392857142854,158,0.7053571428571429
385.png,1,8.553571428571429,113,0.5044642857142857
386.png,1,40.07142857142857,235,1.0491071428571428
387.png,1,5.616071428571429,17,0.07589285714285714
388.png,1,18.299107142857142,75,0.33482142857142855
389.png,1,6.620535714285714,22,0.09821428571428571
39.png,1,8.004464285714286,63,0.28125
390.png,1,11.522321428571429,72,0.32142857142857145
391.png,1,8.06,92,0.13142857142857142
392.png,1,30.790178571428573,70,0.3125
393.png,1,17.223214285714285,64,0.2857142857142857
394.png,1,16.098214285714285,90,0.4017857142857143
395.png,1,8.06,92,0.13142857142857142
396.png,1,8.06,92,0.13142857142857142
397.png,1,8.06,92,0.13142857142857142
398.png,1,8.06,92,0.13142857142857142
399.png,1,26.839285714285715,119,0.53125
4.png,1,8.06,92,0.13142857142857142
40.png,1,8.544642857142858,83,0.3705357142857143
400.png,1,16.96875,71,0.3169642857142857
401.png,1,8.06,92,0.13142857142857142
402.png,1,22.928571428571427,105,0.46875
403.png,1,37.964285714285715,211,0.9419642857142857
404.png,1,17.049107142857142,84,0.375
405.png,1,8.06,92,0.13142857142857142
406.png,1,12.084821428571429,31,0.13839285714285715
407.png,1,25.825892857142858,111,0.4955357142857143
408.png,1,5.674107142857143,44,0.19642857142857142
409.png,1,35.223214285714285,138,0.6160714285714286
41.png,1,18.419642857142858,109,0.48660714285714285
410.png,1,8.06,92,0.13142857142857142
411.png,1,8.06,92,0.13142857142857142
412.png,1,10.053571428571429,43,0.19196428571428573
413.png,1,8.06,92,0.13142857142857142
414.png,1,16.96875,41,0.18303571428571427
415.png,1,33.46875,154,0.6875
416.png,1,31.96875,151,0.6741071428571429
417.png,1,36.348214285714285,160,0.7142857142857143
418.png,1,2.950892857142857,26,0.11607142857142858
419.png,1,10.049107142857142,29,0.12946428571428573
42.png,1,37.933035714285715,216,0.9642857142857143
420.png,1,10.714285714285714,10,0.044642857142857144
421.png,1,16.339285714285715,45,0.20089285714285715
422.png,1,19.879464285714285,112,0.5
423.png,1,23.0625,109,0.48660714285714285
424.png,1,8.06,92,0.13142857142857142
425.png,1,8.06,92,0.13142857142857142
426.png,1,8.06,92,0.13142857142857142
427.png,1,16.883928571428573,114,0.5089285714285714
428.png,1,12.272321428571429,90,0.4017857142857143
429.png,1,10.473214285714286,93,0.41517857142857145
43.png,1,18.678571428571427,36,0.16071428571428573
430.png,1,15.691964285714286,78,0.3482142857142857
431.png,1,8.06,92,0.13142857142857142
432.png,1,8.06,92,0.13142857142857142
433.png,1,0.19196428571428573,10,0.044642857142857144
434.png,1,46.34375,163,0.7276785714285714
435.png,1,2.46875,37,0.16517857142857142
436.png,1,7.901785714285714,69,0.3080357142857143
437.png,1,8.06,92,0.13142857142857142
438.png,1,36.348214285714285,160,0.7142857142857143
439.png,1,21.566964285714285,56,0.25
44.png,1,28.169642857142858,184,0.8214285714285714
440.png,1,35.495535714285715,205,0.9151785714285714
441.png,1,26.964285714285715,84,0.375
442.png,1,8.875,62,0.2767857142857143
443.png,1,20.066964285714285,112,0.5
444.png,1,2.419642857142857,28,0.125
445.png,1,47.8125,264,1.1785714285714286
446.png,1,24.044642857142858,75,0.33482142857142855
447.png,1,8.06,92,0.13142857142857142
448.png,1,1.1785714285714286,35,0.15625
449.png,1,37.50892857142857,148,0.6607142857142857
45.png,1,8.06,92,0.13142857142857142
450.png,1,8.06,92,0.13142857142857142
451.png,1,13.808035714285714,97,0.4330357142857143
452.png,1,27.299107142857142,107,0.47767857142857145
453.png,1,8.06,92,0.13142857142857142
454.png,1,45.245535714285715,228,1.0178571428571428
455.png,1,14.736607142857142,89,0.39732142857142855
456.png,1,8.06,92,0.13142857142857142
457.png,1,16.160714285714285,65,0.29017857142857145
458.png,1,33.95982142857143,109,0.48660714285714285
459.png,1,8.06,92,0.13142857142857142
46.png,1,13.696428571428571,53,0.23660714285714285
460.png,1,1.1785714285714286,35,0.15625
461.png,1,2.638392857142857,67,0.29910714285714285
462.png,1,12.696428571428571,28,0.125
463.png,1,29.848214285714285,93,0.41517857142857145
464.png,1,8.06,92,0.13142857142857142
465.png,1,8.06,92,0.13142857142857142
466.png,1,15.276785714285714,74,0.33035714285714285
467.png,1,20.223214285714285,76,0.3392857142857143
468.png,1,8.06,92,0.13142857142857142
469.png,1,55.700892857142854,299,1.3348214285714286
47.png,1,14.026785714285714,57,0.2544642857142857
470.png,1,22.955357142857142,107,0.47767857142857145
471.png,1,24.09375,110,0.49107142857142855
472.png,1,14.026785714285714,57,0.2544642857142857
473.png,1,33.71875,96,0.42857142857142855
474.png,1,5.629464285714286,29,0.12946428571428573
475.png,1,13.026785714285714,34,0.15178571428571427
476.png,1,22.928571428571427,105,0.46875
477.png,1,8.06,92,0.13142857142857142
478.png,1,11.758928571428571,24,0.10714285714285714
479.png,1,33.71875,96,0.42857142857142855
48.png,1,18.352678571428573,95,0.42410714285714285
480.png,1,2.6026785714285716,53,0.23660714285714285
481.png,1,15.558035714285714,88,0.39285714285714285
482.png,1,12.772321428571429,85,0.3794642857142857
483.png,1,15.6875,61,0.27232142857142855
484.png,1,9.794642857142858,45,0.20089285714285715
485.png,1,13.357142857142858,119,0.53125
486.png,1,9.160714285714286,61,0.27232142857142855
487.png,1,2.075892857142857,22,0.09821428571428571
488.png,1,22.651785714285715,109,0.48660714285714285
489.png,1,13.696428571428571,53,0.23660714285714285
49.png,1,21.111607142857142,120,0.5357142857142857
490.png,1,35.11607142857143,226,1.0089285714285714
491.png,1,29.450892857142858,65,0.29017857142857145
492.png,1,6.879464285714286,22,0.09821428571428571
493.png,1,15.513392857142858,108,0.48214285714285715
494.png,1,8.06,92,0.13142857142857142
495.png,1,13.254464285714286,105,0.46875
496.png,1,41.526785714285715,319,1.4241071428571428
497.png,1,30.34375,158,0.7053571428571429
498.png,1,36.214285714285715,175,0.78125
499.png,1,4.767857142857143,44,0.19642857142857142
5.png,1,37.50892857142857,148,0.6607142857142857
50.png,1,8.06,92,0.13142857142857142
500.png,1,23.370535714285715,84,0.375
501.png,1,32.375,134,0.5982142857142857
502.png,1,8.06,92,0.13142857142857142
503.png,1,25.455357142857142,65,0.29017857142857145
504.png,1,12.415178571428571,117,0.5223214285714286
505.png,1,12.59375,41,0.18303571428571427
506.png,1,1.1785714285714286,29,0.12946428571428573
507.png,1,16.763392857142858,58,0.25892857142857145
508.png,1,11.491071428571429,103,0.45982142857142855
509.png,1,25.223214285714285,114,0.5089285714285714
51.png,1,3.3660714285714284,70,0.3125
510.png,1,10.473214285714286,93,0.41517857142857145
511.png,1,13.852678571428571,105,0.46875
512.png,1,10.879464285714286,83,0.3705357142857143
513.png,1,8.06,92,0.13142857142857142
514.png,1,8.06,92,0.13142857142857142
515.png,1,32.53125,98,0.4375
516.png,1,8.258928571428571,41,0.18303571428571427
517.png,1,33.933035714285715,67,0.29910714285714285
518.png,1,4.566964285714286,47,0.20982142857142858
519.png,1,36.69642857142857,217,0.96875
52.png,1,35.361607142857146,202,0.9017857142857143
520.png,1,10.294642857142858,45,0.20089285714285715
521.png,1,9.196428571428571,30,0.13392857142857142
522.png,1,28.107142857142858,107,0.47767857142857145
523.png,1,24.46875,90,0.4017857142857143
524.png,1,1.8214285714285714,15,0.06696428571428571
525.png,1,9.392857142857142,40,0.17857142857142858
526.png,1,5.915178571428571,50,0.22321428571428573
527.png,1,8.40625,45,0.20089285714285715
528.png,1,57.799107142857146,145,0.6473214285714286
529.png,1,13.553571428571429,78,0.3482142857142857
53.png,1,23.678571428571427,225,1.0044642857142858
530.png,1,22.142857142857142,67,0.29910714285714285
531.png,1,16.241071428571427,56,0.25
532.png,1,11.78125,41,0.18303571428571427
533.png,1,8.06,92,0.13142857142857142
534.png,1,5.245535714285714,56,0.25
535.png,1,2.8660714285714284,33,0.14732142857142858
536.png,1,16.098214285714285,90,0.4017857142857143
537.png,1,8.06,92,0.13142857142857142
538.png,1,8.06,92,0.13142857142857142
539.png,1,18.133928571428573,194,0.8660714285714286
54.png,1,6.571428571428571,26,0.11607142857142858
540.png,1,15.875,77,0.34375
541.png,1,27.066964285714285,66,0.29464285714285715
542.png,1,46.464285714285715,199,0.8883928571428571
543.png,1,8.06,92,0.13142857142857142
544.png,1,30.120535714285715,129,0.5758928571428571
545.png,1,5.5625,37,0.16517857142857142
546.png,1,2.3526785714285716,40,0.17857142857142858
547.png,1,30.928571428571427,166,0.7410714285714286
548.png,1,17.049107142857142,84,0.375
549.png,1,28.214285714285715,125,0.5580357142857143
55.png,1,8.06,92,0.13142857142857142
550.png,1,21.8125,65,0.29017857142857145
551.png,1,8.06,92,0.13142857142857142
552.png,1,8.06,92,0.13142857142857142
553.png,1,1.5044642857142858,48,0.21428571428571427
554.png,1,25.258928571428573,92,0.4107142857142857
555.png,1,34.464285714285715,159,0.7098214285714286
556.png,1,28.209821428571427,86,0.38392857142857145
557.png,1,2.9776785714285716,51,0.22767857142857142
558.png,1,6.486607142857143,38,0.16964285714285715
559.png,1,26.46875,71,0.3169642857142857
56.png,1,29.017857142857142,166,0.7410714285714286
560.png,1,12.254464285714286,79,0.35267857142857145
561.png,1,8.758928571428571,40,0.17857142857142858
562.png,1,8.06,92,0.13142857142857142
563.png,1,9.339285714285714,30,0.13392857142857142
564.png,1,34.44642857142857,149,0.6651785714285714
565.png,1,14.700892857142858,68,0.30357142857142855
566.png,1,8.06,92,0.13142857142857142
567.png,1,41.901785714285715,306,1.3660714285714286
568.png,1,18.852678571428573,99,0.4419642857142857
569.png,1,8.06,92,0.13142857142857142
57.png,1,8.013392857142858,70,0.3125
570.png,1,0.0,0,0.0
571.png,1,36.964285714285715,144,0.6428571428571429
572.png,1,16.299107142857142,44,0.19642857142857142
573.png,1,8.06,92,0.13142857142857142
574.png,1,10.066964285714286,54,0.24107142857142858
575.png,1,17.53125,95,0.42410714285714285
576.png,1,8.06,92,0.13142857142857142
577.png,1,24.848214285714285,97,0.4330357142857143
578.png,1,7.933035714285714,35,0.15625
579.png,1,15.691964285714286,78,0.3482142857142857
58.png,1,48.674107142857146,249,1.1116071428571428
580.png,1,50.995535714285715,265,1.1830357142857142
581.png,1,24.647321428571427,105,0.46875
582.png,1,8.06,92,0.13142857142857142
583.png,1,8.06,92,0.13142857142857142
584.png,1,12.348214285714286,78,0.3482142857142857
585.png,1,14.517857142857142,56,0.25
586.png,1,23.272321428571427,109,0.48660714285714285
587.png,1,14.303571428571429,47,0.20982142857142858
588.png,1,2.424107142857143,80,0.35714285714285715
589.png,1,12.821428571428571,88,0.39285714285714285
59.png,1,5.223214285714286,97,0.4330357142857143
590.png,1,10.879464285714286,83,0.3705357142857143
591.png,1,8.06,92,0.13142857142857142
592.png,1,5.348214285714286,48,0.21428571428571427
593.png,1,8.06,92,0.13142857142857142
594.png,1,26.28125,120,0.5357142857142857
595.png,1,0.9375,12,0.05357142857142857
596.png,1,8.06,92,0.13142857142857142
597.png,1,55.49107142857143,257,1.1473214285714286
598.png,1,34.473214285714285,156,0.6964285714285714
599.png,1,37.84375,203,0.90625
6.png,1,9.004464285714286,65,0.29017857142857145
60.png,1,25.794642857142858,83,0.3705357142857143
600.png,1,15.464285714285714,81,0.36160714285714285
601.png,1,31.964285714285715,87,0.38839285714285715
602.png,1,21.848214285714285,71,0.3169642857142857
603.png,1,10.142857142857142,64,0.2857142857142857
604.png,1,18.03125,87,0.38839285714285715
605.png,1,20.080357142857142,53,0.23660714285714285
606.png,1,8.06,92,0.13142857142857142
607.png,1,10.575892857142858,81,0.36160714285714285
608.png,1,16.8125,87,0.38839285714285715
609.png,1,17.004464285714285,99,0.4419642857142857
61.png,1,30.28125,101,0.45089285714285715
610.png,1,20.651785714285715,84,0.375
611.png,1,1.1785714285714286,35,0.15625
612.png,1,8.06,92,0.13142857142857142
613.png,1,27.691964285714285,147,0.65625
614.png,1,47.732142857142854,193,0.8616071428571429
615.png,1,18.008928571428573,118,0.5267857142857143
616.png,1,27.71875,202,0.9017857142857143
617.png,1,8.06,92,0.13142857142857142
618.png,1,26.401785714285715,145,0.6473214285714286
619.png,1,16.8125,87,0.38839285714285715
62.png,1,34.308035714285715,200,0.8928571428571429
620.png,1,34.379464285714285,114,0.5089285714285714
621.png,1,18.008928571428573,118,0.5267857142857143
622.png,1,27.71875,202,0.9017857142857143
623.png,1,0.41517857142857145,26,0.11607142857142858
624.png,1,8.06,92,0.13142857142857142
625.png,1,8.06,92,0.13142857142857142
626.png,1,16.34375,87,0.38839285714285715
627.png,1,0.0,0,0.0
628.png,1,7.611607142857143,76,0.3392857142857143
629.png,1,8.580357142857142,66,0.29464285714285715
63.png,1,15.245535714285714,55,0.24553571428571427
630.png,1,8.660714285714286,42,0.1875
631.png,1,8.06,92,0.13142857142857142
632.png,1,0.0,0,0.0
633.png,1,17.84375,97,0.4330357142857143
634.png,1,12.959821428571429,82,0.36607142857142855
635.png,1,24.638392857142858,59,0.26339285714285715
636.png,1,21.870535714285715,88,0.39285714285714285
637.png,1,1.1785714285714286,35,0.15625
638.png,1,8.06,92,0.13142857142857142
639.png,1,5.629464285714286,29,0.12946428571428573
64.png,1,28.4375,76,0.3392857142857143
640.png,1,3.3973214285714284,33,0.14732142857142858
641.png,1,20.1875,57,0.2544642857142857
642.png,1,16.65625,38,0.16964285714285715
643.png,1,9.705357142857142,40,0.17857142857142858
644.png,1,16.0625,89,0.39732142857142855
645.png,1,17.410714285714285,63,0.28125
646.png,1,14.852678571428571,58,0.25892857142857145
647.png,1,27.410714285714285,106,0.4732142857142857
648.png,1,29.441964285714285,185,0.8258928571428571
649.png,1,30.205357142857142,106,0.4732142857142857
65.png,1,16.28125,92,0.4107142857142857
650.png,1,24.044642857142858,106,0.4732142857142857
651.png,1,8.06,92,0.13142857142857142
652.png,1,12.272321428571429,30,0.13392857142857142
653.png,1,6.227678571428571,32,0.14285714285714285
654.png,1,5.116071428571429,16,0.07142857142857142
655.png,1,7.651785714285714,68,0.30357142857142855
656.png,1,8.06,92,0.13142857142857142
657.png,1,36.513392857142854,179,0.7991071428571429
658.png,1,7.901785714285714,69,0.3080357142857143
659.png,1,15.857142857142858,40,0.17857142857142858
66.png,1,8.06,92,0.13142857142857142
660.png,1,5.116071428571429,16,0.07142857142857142
661.png,1,24.714285714285715,84,0.375
662.png,1,4.267857142857143,46,0.20535714285714285
663.png,1,30.035714285714285,95,0.42410714285714285
664.png,1,8.06,92,0.13142857142857142
665.png,1,8.06,92,0.13142857142857142
666.png,1,15.464285714285714,81,0.36160714285714285
667.png,1,22.651785714285715,109,0.48660714285714285
668.png,1,7.379464285714286,36,0.16071428571428573
669.png,1,22.790178571428573,130,0.5803571428571429
67.png,1,21.589285714285715,54,0.24107142857142858
670.png,1,8.06,92,0.13142857142857142
671.png,1,17.955357142857142,33,0.14732142857142858
672.png,1,12.90625,70,0.3125
673.png,1,36.129464285714285,122,0.5446428571428571
674.png,1,16.71875,116,0.5178571428571429
675.png,1,26.772321428571427,45,0.20089285714285715
676.png,1,0.19196428571428573,10,0.044642857142857144
677.png,1,10.745535714285714,70,0.3125
678.png,1,8.06,92,0.13142857142857142
679.png,1,11.419642857142858,102,0.45535714285714285
68.png,1,31.928571428571427,155,0.6919642857142857
680.png,1,24.120535714285715,90,0.4017857142857143
681.png,1,8.06,92,0.13142857142857142
682.png,1,34.517857142857146,135,0.6026785714285714
683.png,1,26.964285714285715,84,0.375
684.png,1,12.147321428571429,75,0.33482142857142855
685.png,1,21.866071428571427,74,0.33035714285714285
686.png,1,9.651785714285714,75,0.33482142857142855
687.png,1,25.25,110,0.49107142857142855
688.png,1,33.526785714285715,151,0.6741071428571429
689.png,1,16.96875,41,0.18303571428571427
69.png,1,30.205357142857142,222,0.9910714285714286
690.png,1,4.946428571428571,16,0.07142857142857142
691.png,1,2.5535714285714284,41,0.18303571428571427
692.png,1,17.142857142857142,63,0.28125
693.png,1,9.852678571428571,58,0.25892857142857145
694.png,1,16.741071428571427,103,0.45982142857142855
695.png,1,39.357142857142854,213,0.9508928571428571
696.png,1,9.160714285714286,61,0.27232142857142855
697.png,1,1.1785714285714286,35,0.15625
698.png,1,9.839285714285714,87,0.38839285714285715
699.png,1,8.06,92,0.13142857142857142
7.png,1,26.044642857142858,118,0.5267857142857143
70.png,1,13.375,70,0.3125
700.png,1,15.964285714285714,65,0.29017857142857145
701.png,1,9.6875,71,0.3169642857142857
702.png,1,0.7321428571428571,10,0.044642857142857144
703.png,1,41.075892857142854,208,0.9285714285714286
704.png,1,8.06,92,0.13142857142857142
705.png,1,27.669642857142858,68,0.30357142857142855
706.png,1,13.785714285714286,109,0.48660714285714285
707.png,1,33.839285714285715,108,0.48214285714285715
708.png,1,8.06,92,0.13142857142857142
709.png,1,32.785714285714285,181,0.8080357142857143
71.png,1,51.11607142857143,279,1.2455357142857142
710.png,1,21.754464285714285,112,0.5
711.png,1,8.848214285714286,111,0.4955357142857143
712.png,1,8.06,92,0.13142857142857142
713.png,1,16.174107142857142,95,0.42410714285714285
714.png,1,17.486607142857142,100,0.44642857142857145
715.png,1,5.915178571428571,11,0.049107142857142856
716.png,1,17.125,142,0.6339285714285714
717.png,1,52.96875,247,1.1026785714285714
718.png,1,17.415178571428573,70,0.3125
719.png,1,10.665178571428571,51,0.22767857142857142
72.png,1,0.0,0,0.0
720.png,1,0.0,0,0.0
721.png,1,8.06,92,0.13142857142857142
722.png,1,27.584821428571427,81,0.36160714285714285
723.png,1,8.06,92,0.13142857142857142
724.png,1,1.7276785714285714,23,0.10267857142857142
725.png,1,26.294642857142858,212,0.9464285714285714
726.png,1,1.8080357142857142,15,0.06696428571428571
727.png,1,15.558035714285714,88,0.39285714285714285
728.png,1,22.544642857142858,129,0.5758928571428571
729.png,1,37.098214285714285,149,0.6651785714285714
73.png,1,28.209821428571427,86,0.38392857142857145
730.png,1,27.089285714285715,73,0.32589285714285715
731.png,1,8.06,92,0.13142857142857142
732.png,1,21.763392857142858,126,0.5625
733.png,1,45.441964285714285,189,0.84375
734.png,1,24.754464285714285,105,0.46875
735.png,1,39.848214285714285,244,1.0892857142857142
736.png,1,25.125,87,0.38839285714285715
737.png,1,4.566964285714286,47,0.20982142857142858
738.png,1,18.982142857142858,122,0.5446428571428571
739.png,1,18.96875,123,0.5491071428571429
74.png,1,8.06,92,0.13142857142857142
740.png,1,14.477678571428571,75,0.33482142857142855
741.png,1,33.71875,96,0.42857142857142855
742.png,1,20.080357142857142,53,0.23660714285714285
743.png,1,35.00892857142857,101,0.45089285714285715
744.png,1,53.223214285714285,213,0.9508928571428571
745.png,1,31.745535714285715,150,0.6696428571428571
746.png,1,6.767857142857143,54,0.24107142857142858
747.png,1,8.875,62,0.2767857142857143
748.png,1,20.263392857142858,80,0.35714285714285715
749.png,1,8.06,92,0.13142857142857142
75.png,1,20.741071428571427,104,0.4642857142857143
750.png,1,7.535714285714286,34,0.15178571428571427
751.png,1,15.982142857142858,56,0.25
752.png,1,24.410714285714285,69,0.3080357142857143
753.png,1,17.53125,95,0.42410714285714285
754.png,1,31.611607142857142,132,0.5892857142857143
755.png,1,19.785714285714285,51,0.22767857142857142
756.png,1,0.0,0,0.0
757.png,1,25.473214285714285,80,0.35714285714285715
758.png,1,16.995535714285715,80,0.35714285714285715
759.png,1,12.892857142857142,92,0.4107142857142857
76.png,1,0.19196428571428573,10,0.044642857142857144
760.png,1,17.415178571428573,70,0.3125
761.png,1,12.348214285714286,51,0.22767857142857142
762.png,1,1.7767857142857142,43,0.19196428571428573
763.png,1,39.357142857142854,213,0.9508928571428571
764.png,1,8.919642857142858,33,0.14732142857142858
765.png,1,2.424107142857143,80,0.35714285714285715
766.png,1,7.901785714285714,69,0.3080357142857143
767.png,1,8.875,62,0.2767857142857143
768.png,1,7.535714285714286,44,0.19642857142857142
769.png,1,28.111607142857142,223,0.9955357142857143
77.png,1,6.691964285714286,102,0.45535714285714285
770.png,1,31.191964285714285,124,0.5535714285714286
771.png,1,29.700892857142858,53,0.23660714285714285
772.png,1,5.258928571428571,92,0.4107142857142857
773.png,1,15.191964285714286,88,0.39285714285714285
774.png,1,18.178571428571427,98,0.4375
775.png,1,13.638392857142858,105,0.46875
776.png,1,36.754464285714285,148,0.6607142857142857
777.png,1,14.1875,58,0.25892857142857145
778.png,1,7.236607142857143,47,0.20982142857142858
779.png,1,28.700892857142858,90,0.4017857142857143
78.png,1,8.06,92,0.13142857142857142
780.png,1,27.089285714285715,73,0.32589285714285715
781.png,1,8.06,92,0.13142857142857142
782.png,1,22.928571428571427,105,0.46875
783.png,1,24.46875,90,0.4017857142857143
784.png,1,8.06,92,0.13142857142857142
785.png,1,44.901785714285715,164,0.7321428571428571
786.png,1,8.06,92,0.13142857142857142
787.png,1,16.803571428571427,34,0.15178571428571427
788.png,1,9.84375,66,0.29464285714285715
789.png,1,14.044642857142858,68,0.30357142857142855
79.png,1,7.142857142857143,60,0.26785714285714285
790.png,1,21.870535714285715,88,0.39285714285714285
791.png,1,11.78125,41,0.18303571428571427
792.png,1,8.06,92,0.13142857142857142
793.png,1,8.06,92,0.13142857142857142
794.png,1,8.06,92,0.13142857142857142
795.png,1,21.90625,117,0.5223214285714286
796.png,1,0.19196428571428573,10,0.044642857142857144
797.png,1,24.174107142857142,67,0.29910714285714285
798.png,1,11.174107142857142,77,0.34375
799.png,1,24.955357142857142,107,0.47767857142857145
8.png,1,8.06,92,0.13142857142857142
80.png,1,41.10267857142857,176,0.7857142857142857
800.png,1,27.299107142857142,61,0.27232142857142855
801.png,1,5.223214285714286,98,0.4375
802.png,1,37.89732142857143,165,0.7366071428571429
803.png,1,4.946428571428571,16,0.07142857142857142
804.png,1,5.575892857142857,15,0.06696428571428571
805.png,1,14.0,63,0.28125
806.png,1,6.558035714285714,49,0.21875
807.png,1,8.06,92,0.13142857142857142
808.png,1,8.06,92,0.13142857142857142
809.png,1,8.06,92,0.13142857142857142
81.png,1,12.741071428571429,110,0.49107142857142855
810.png,1,13.919642857142858,95,0.42410714285714285
811.png,1,21.84375,108,0.48214285714285715
812.png,1,11.995535714285714,75,0.33482142857142855
813.png,1,12.571428571428571,32,0.14285714285714285
814.png,1,36.96875,193,0.8616071428571429
815.png,1,33.473214285714285,169,0.7544642857142857
816.png,1,17.026785714285715,113,0.5044642857142857
817.png,1,24.03125,85,0.3794642857142857
818.png,1,8.06,92,0.13142857142857142
819.png,1,26.607142857142858,49,0.21875
82.png,1,34.111607142857146,178,0.7946428571428571
820.png,1,19.580357142857142,149,0.6651785714285714
821.png,1,21.892857142857142,113,0.5044642857142857
822.png,1,32.70982142857143,161,0.71875
823.png,1,8.06,92,0.13142857142857142
824.png,1,2.8035714285714284,35,0.15625
825.png,1,25.758928571428573,56,0.25
826.png,1,28.915178571428573,97,0.4330357142857143
827.png,1,2.7544642857142856,33,0.14732142857142858
828.png,1,39.86607142857143,166,0.7410714285714286
829.png,1,7.915178571428571,117,0.5223214285714286
83.png,1,23.196428571428573,228,1.0178571428571428
830.png,1,20.5,141,0.6294642857142857
831.png,1,24.084821428571427,88,0.39285714285714285
832.png,1,8.06,92,0.13142857142857142
833.png,1,6.90625,77,0.34375
834.png,1,14.379464285714286,84,0.375
835.png,1,2.6607142857142856,24,0.10714285714285714
836.png,1,6.638392857142857,23,0.10267857142857142
837.png,1,23.075892857142858,165,0.7366071428571429
838.png,1,13.375,70,0.3125
839.png,1,26.267857142857142,171,0.7633928571428571
84.png,1,23.669642857142858,92,0.4107142857142857
840.png,1,5.241071428571429,65,0.29017857142857145
841.png,1,8.06,92,0.13142857142857142
842.png,1,29.290178571428573,84,0.375
843.png,1,1.4375,19,0.08482142857142858
844.png,1,8.875,62,0.2767857142857143
845.png,1,15.075892857142858,50,0.22321428571428573
846.png,1,8.946428571428571,32,0.14285714285714285
847.png,1,13.857142857142858,96,0.42857142857142855
848.png,1,22.928571428571427,105,0.46875
849.png,1,8.06,92,0.13142857142857142
85.png,1,8.06,92,0.13142857142857142
850.png,1,8.06,92,0.13142857142857142
851.png,1,31.241071428571427,114,0.5089285714285714
852.png,1,8.06,92,0.13142857142857142
853.png,1,5.357142857142857,79,0.35267857142857145
854.png,1,16.647321428571427,74,0.33035714285714285
855.png,1,18.973214285714285,84,0.375
856.png,1,8.06,92,0.13142857142857142
857.png,1,4.875,56,0.25
858.png,1,2.638392857142857,67,0.29910714285714285
859.png,1,8.06,92,0.13142857142857142
86.png,1,34.705357142857146,233,1.0401785714285714
860.png,1,16.174107142857142,95,0.42410714285714285
861.png,1,13.058035714285714,52,0.23214285714285715
862.png,1,6.928571428571429,71,0.3169642857142857
863.png,1,1.8080357142857142,15,0.06696428571428571
864.png,1,12.59375,41,0.18303571428571427
865.png,1,15.522321428571429,57,0.2544642857142857
866.png,1,8.06,92,0.13142857142857142
867.png,1,12.839285714285714,72,0.32142857142857145
868.png,1,40.17857142857143,145,0.6473214285714286
869.png,1,40.3125,178,0.7946428571428571
87.png,1,30.34375,158,0.7053571428571429
870.png,1,12.741071428571429,110,0.49107142857142855
871.png,1,21.223214285714285,76,0.3392857142857143
872.png,1,18.870535714285715,58,0.25892857142857145
873.png,1,30.959821428571427,198,0.8839285714285714
874.png,1,8.772321428571429,124,0.5535714285714286
875.png,1,7.491071428571429,33,0.14732142857142858
876.png,1,8.06,92,0.13142857142857142
877.png,1,8.06,92,0.13142857142857142
878.png,1,8.06,92,0.13142857142857142
879.png,1,6.120535714285714,32,0.14285714285714285
88.png,1,29.09375,120,0.5357142857142857
880.png,1,3.3080357142857144,53,0.23660714285714285
881.png,1,13.303571428571429,45,0.20089285714285715
882.png,1,12.205357142857142,40,0.17857142857142858
883.png,1,0.10714285714285714,12,0.05357142857142857
884.png,1,8.06,92,0.13142857142857142
885.png,1,12.642857142857142,90,0.4017857142857143
886.png,1,0.0,0,0.0
887.png,1,8.06,92,0.13142857142857142
888.png,1,17.816964285714285,71,0.3169642857142857
889.png,1,5.915178571428571,50,0.22321428571428573
89.png,1,23.272321428571427,109,0.48660714285714285
890.png,1,10.683035714285714,48,0.21428571428571427
891.png,1,8.508928571428571,30,0.13392857142857142
892.png,1,14.303571428571429,47,0.20982142857142858
893.png,1,5.629464285714286,29,0.12946428571428573
894.png,1,8.06,92,0.13142857142857142
895.png,1,18.46875,84,0.375
896.png,1,8.06,92,0.13142857142857142
897.png,1,8.06,92,0.13142857142857142
898.png,1,8.06,92,0.13142857142857142
899.png,1,15.174107142857142,145,0.6473214285714286
9.png,1,15.504464285714286,52,0.23214285714285715
90.png,1,57.549107142857146,303,1.3526785714285714
900.png,1,0.1875,5,0.022321428571428572
901.png,1,37.91517857142857,206,0.9196428571428571
902.png,1,28.924107142857142,113,0.5044642857142857
903.png,1,25.290178571428573,116,0.5178571428571429
904.png,1,6.459821428571429,19,0.08482142857142858
905.png,1,19.214285714285715,65,0.29017857142857145
906.png,1,9.383928571428571,37,0.16517857142857142
907.png,1,8.06,92,0.13142857142857142
908.png,1,8.06,92,0.13142857142857142
909.png,1,33.25,129,0.5758928571428571
91.png,1,24.46875,82,0.36607142857142855
910.png,1,9.5,43,0.19196428571428573
911.png,1,28.401785714285715,149,0.6651785714285714
912.png,1,25.276785714285715,118,0.5267857142857143
913.png,1,15.705357142857142,49,0.21875
914.png,1,17.004464285714285,99,0.4419642857142857
915.png,1,12.892857142857142,92,0.4107142857142857
916.png,1,10.035714285714286,69,0.3080357142857143
917.png,1,52.35267857142857,282,1.2589285714285714
918.png,1,20.941964285714285,75,0.33482142857142855
919.png,1,26.441964285714285,72,0.32142857142857145
92.png,1,26.763392857142858,107,0.47767857142857145
920.png,1,9.84375,66,0.29464285714285715
921.png,1,19.357142857142858,152,0.6785714285714286
922.png,1,18.883928571428573,82,0.36607142857142855
923.png,1,39.183035714285715,129,0.5758928571428571
924.png,1,0.5892857142857143,38,0.16964285714285715
925.png,1,38.625,226,1.0089285714285714
926.png,1,9.017857142857142,28,0.125
927.png,1,12.15625,66,0.29464285714285715
928.png,1,17.455357142857142,50,0.22321428571428573
929.png,1,14.477678571428571,75,0.33482142857142855
93.png,1,13.245535714285714,96,0.42857142857142855
930.png,1,14.1875,50,0.22321428571428573
931.png,1,0.9642857142857143,31,0.13839285714285715
932.png,1,41.75,153,0.6830357142857143
933.png,1,26.727678571428573,149,0.6651785714285714
934.png,1,16.660714285714285,69,0.3080357142857143
935.png,1,8.06,92,0.13142857142857142
936.png,1,23.013392857142858,74,0.33035714285714285
937.png,1,8.06,92,0.13142857142857142
938.png,1,8.06,92,0.13142857142857142
939.png,1,28.450892857142858,81,0.36160714285714285
94.png,1,33.9375,109,0.48660714285714285
940.png,1,54.263392857142854,161,0.71875
941.png,1,8.883928571428571,51,0.22767857142857142
942.png,1,17.53125,95,0.42410714285714285
943.png,1,16.178571428571427,75,0.33482142857142855
944.png,1,37.38392857142857,139,0.6205357142857143
945.png,1,0.9285714285714286,45,0.20089285714285715
946.png,1,1.6741071428571428,25,0.11160714285714286
947.png,1,32.455357142857146,130,0.5803571428571429
948.png,1,14.254464285714286,84,0.375
949.png,1,16.727678571428573,78,0.3482142857142857
95.png,1,26.955357142857142,117,0.5223214285714286
950.png,1,19.178571428571427,76,0.3392857142857143
951.png,1,8.06,92,0.13142857142857142
952.png,1,31.575892857142858,120,0.5357142857142857
953.png,1,39.34375,130,0.5803571428571429
954.png,1,8.06,92,0.13142857142857142
955.png,1,17.09375,143,0.6383928571428571
956.png,1,16.34375,87,0.38839285714285715
957.png,1,21.892857142857142,113,0.5044642857142857
958.png,1,31.540178571428573,113,0.5044642857142857
959.png,1,1.7232142857142858,55,0.24553571428571427
96.png,1,8.06,92,0.13142857142857142
960.png,1,2.53125,11,0.049107142857142856
961.png,1,29.142857142857142,132,0.5892857142857143
962.png,1,28.53125,41,0.18303571428571427
963.png,1,19.678571428571427,55,0.24553571428571427
964.png,1,52.96875,247,1.1026785714285714
965.png,1,11.071428571428571,130,0.5803571428571429
966.png,1,23.370535714285715,84,0.375
967.png,1,18.495535714285715,68,0.30357142857142855
968.png,1,40.17857142857143,145,0.6473214285714286
969.png,1,37.3125,159,0.7098214285714286
97.png,1,36.388392857142854,96,0.42857142857142855
970.png,1,18.428571428571427,203,0.90625
971.png,1,26.035714285714285,55,0.24553571428571427
972.png,1,8.491071428571429,49,0.21875
973.png,1,8.660714285714286,42,0.1875
974.png,1,31.651785714285715,145,0.6473214285714286
975.png,1,5.736607142857143,43,0.19196428571428573
976.png,1,8.06,92,0.13142857142857142
977.png,1,8.06,92,0.13142857142857142
978.png,1,33.098214285714285,183,0.8169642857142857
979.png,1,1.6741071428571428,25,0.11160714285714286
98.png,1,16.334821428571427,86,0.38392857142857145
980.png,1,16.8125,87,0.38839285714285715
981.png,1,29.459821428571427,172,0.7678571428571429
982.png,1,17.638392857142858,80,0.35714285714285715
983.png,1,25.825892857142858,111,0.4955357142857143
984.png,1,30.361607142857142,156,0.6964285714285714
985.png,1,0.0,0,0.0
986.png,1,2.8660714285714284,33,0.14732142857142858
987.png,1,8.06,92,0.13142857142857142
988.png,1,7.316964285714286,45,0.20089285714285715
989.png,1,22.044642857142858,117,0.5223214285714286
99.png,1,14.5625,35,0.15625
990.png,1,17.013392857142858,60,0.26785714285714285
991.png,1,26.267857142857142,171,0.7633928571428571
992.png,1,8.06,92,0.13142857142857142
993.png,1,9.705357142857142,40,0.17857142857142858
994.png,1,8.330357142857142,41,0.18303571428571427
995.png,1,30.142857142857142,87,0.38839285714285715
996.png,1,17.928571428571427,184,0.8214285714285714
997.png,1,32.495535714285715,98,0.4375
998.png,1,31.964285714285715,87,0.38839285714285715
999.png,1,8.06,92,0.13142857142857142
image_file,label,area,num_corners,corner_ratio
0.png,0,35.416438356164385,1307,0.4476027397260274
1.png,0,35.416438356164385,1307,0.4476027397260274
123.png,0,30.683266932270918,716,0.2852589641434263
125.png,0,43.364940239043825,1734,0.6908366533864542
127.png,0,67.69800796812748,2355,0.9382470119521913
133.png,0,35.416438356164385,1307,0.4476027397260274
134.png,0,35.416438356164385,1307,0.4476027397260274
135.png,0,38.570205479452056,1053,0.36061643835616436
136.png,0,38.570205479452056,1053,0.36061643835616436
137.png,0,19.78767123287671,431,0.1476027397260274
138.png,0,19.78767123287671,431,0.1476027397260274
14.png,0,2.6618852459016393,151,0.05157103825136612
15.png,0,2.6618852459016393,151,0.05157103825136612
16.png,0,9.784839924670433,550,0.12947269303201506
17.png,0,9.784839924670433,550,0.12947269303201506
18.png,0,2.6618852459016393,151,0.05157103825136612
19.png,0,9.784839924670433,550,0.12947269303201506
20.png,0,9.784839924670433,550,0.12947269303201506
202.png,0,58.84983164983165,3905,1.3148148148148149
203.png,0,68.76902356902357,4064,1.3683501683501684
204.png,0,68.76902356902357,4064,1.3683501683501684
205.png,0,68.76902356902357,4064,1.3683501683501684
206.png,0,68.76902356902357,4064,1.3683501683501684
207.png,0,58.84983164983165,3905,1.3148148148148149
208.png,0,58.84983164983165,3905,1.3148148148148149
209.png,0,58.84983164983165,3905,1.3148148148148149
21.png,0,2.6618852459016393,151,0.05157103825136612
221.png,0,12.419440745672437,157,0.10452729693741677
222.png,0,12.419440745672437,157,0.10452729693741677
223.png,0,15.123917388407728,343,0.2285143237841439
224.png,0,12.419440745672437,157,0.10452729693741677
225.png,0,15.123917388407728,343,0.2285143237841439
226.png,0,15.123917388407728,343,0.2285143237841439
227.png,0,12.419440745672437,157,0.10452729693741677
3.png,0,30.683266932270918,716,0.2852589641434263
335.png,0,5.274336283185841,70,0.051622418879056046
336.png,0,8.73594674556213,133,0.09837278106508876
337.png,0,28.19327731092437,344,0.24089635854341737
338.png,0,8.73594674556213,133,0.09837278106508876
339.png,0,8.73594674556213,133,0.09837278106508876
34.png,0,23.539367816091954,1284,0.3689655172413793
340.png,0,28.19327731092437,344,0.24089635854341737
341.png,0,28.19327731092437,344,0.24089635854341737
342.png,0,28.19327731092437,344,0.24089635854341737
343.png,0,5.274336283185841,70,0.051622418879056046
344.png,0,8.73594674556213,133,0.09837278106508876
345.png,0,5.274336283185841,70,0.051622418879056046
346.png,0,5.274336283185841,70,0.051622418879056046
35.png,0,23.539367816091954,1284,0.3689655172413793
36.png,0,18.387248322147652,188,0.1261744966442953
369.png,0,24.714285714285715,274,0.22495894909688013
37.png,0,47.63439930855661,783,0.6767502160760588
370.png,0,3.0207781625585657,147,0.02994499898146262
371.png,0,11.859375,282,0.16319444444444445
372.png,0,24.714285714285715,274,0.22495894909688013
373.png,0,16.708249496981892,164,0.10999329309188464
374.png,0,16.708249496981892,164,0.10999329309188464
375.png,0,3.0207781625585657,147,0.02994499898146262
376.png,0,11.859375,282,0.16319444444444445
377.png,0,16.708249496981892,164,0.10999329309188464
378.png,0,11.859375,282,0.16319444444444445
379.png,0,16.708249496981892,164,0.10999329309188464
38.png,0,18.387248322147652,188,0.1261744966442953
380.png,0,24.714285714285715,274,0.22495894909688013
381.png,0,11.859375,282,0.16319444444444445
382.png,0,3.0207781625585657,147,0.02994499898146262
383.png,0,3.0207781625585657,147,0.02994499898146262
384.png,0,24.714285714285715,274,0.22495894909688013
39.png,0,17.43796109993293,124,0.08316566063044936
40.png,0,18.387248322147652,188,0.1261744966442953
41.png,0,47.63439930855661,783,0.6767502160760588
42.png,0,17.43796109993293,124,0.08316566063044936
43.png,0,36.687778327560615,730,0.3612073231073726
44.png,0,23.539367816091954,1284,0.3689655172413793
45.png,0,36.687778327560615,730,0.3612073231073726
46.png,0,47.63439930855661,783,0.6767502160760588
47.png,0,17.43796109993293,124,0.08316566063044936
48.png,0,18.387248322147652,188,0.1261744966442953
49.png,0,36.687778327560615,730,0.3612073231073726
5.png,0,38.570205479452056,1053,0.36061643835616436
50.png,0,44.382960413080895,713,0.6135972461273667
51.png,0,23.539367816091954,1284,0.3689655172413793
52.png,0,47.63439930855661,783,0.6767502160760588
53.png,0,36.687778327560615,730,0.3612073231073726
54.png,0,44.382960413080895,713,0.6135972461273667
55.png,0,17.43796109993293,124,0.08316566063044936
56.png,0,44.382960413080895,713,0.6135972461273667
57.png,0,44.382960413080895,713,0.6135972461273667
58.png,0,11.952397260273973,485,0.1660958904109589
59.png,0,13.816780821917808,737,0.2523972602739726
60.png,0,13.816780821917808,737,0.2523972602739726
61.png,0,10.398972602739725,469,0.16061643835616438
62.png,0,11.952397260273973,485,0.1660958904109589
63.png,0,10.398972602739725,469,0.16061643835616438
64.png,0,10.398972602739725,469,0.16061643835616438
65.png,0,13.816780821917808,737,0.2523972602739726
66.png,0,10.398972602739725,469,0.16061643835616438
67.png,0,13.816780821917808,737,0.2523972602739726
68.png,0,11.952397260273973,485,0.1660958904109589
69.png,0,11.952397260273973,485,0.1660958904109589
7.png,0,38.570205479452056,1053,0.36061643835616436
70.png,0,5.176345231752797,126,0.06712839637719765
71.png,0,11.917910447761194,179,0.09541577825159915
72.png,0,11.08328340323547,140,0.08388256440982625
73.png,0,11.08328340323547,140,0.08388256440982625
74.png,0,11.917910447761194,179,0.09541577825159915
75.png,0,5.176345231752797,126,0.06712839637719765
76.png,0,11.917910447761194,179,0.09541577825159915
77.png,0,11.917910447761194,179,0.09541577825159915
78.png,0,11.08328340323547,140,0.08388256440982625
79.png,0,11.08328340323547,140,0.08388256440982625
8.png,0,19.78767123287671,431,0.1476027397260274
80.png,0,5.176345231752797,126,0.06712839637719765
81.png,0,5.176345231752797,126,0.06712839637719765
82.png,0,37.428082191780824,1105,0.3784246575342466
83.png,0,58.99931506849315,1818,0.6226027397260274
84.png,0,58.99931506849315,1818,0.6226027397260274
85.png,0,58.99931506849315,1818,0.6226027397260274
86.png,0,37.428082191780824,1105,0.3784246575342466
87.png,0,27.35218855218855,664,0.22356902356902356
88.png,0,37.428082191780824,1105,0.3784246575342466
89.png,0,58.99931506849315,1818,0.6226027397260274
9.png,0,19.78767123287671,431,0.1476027397260274
90.png,0,27.35218855218855,664,0.22356902356902356
91.png,0,37.428082191780824,1105,0.3784246575342466
92.png,0,27.35218855218855,664,0.22356902356902356
93.png,0,27.35218855218855,664,0.22356902356902356
